Unnamed: 0,formula_id,category,token_range,token_count,latex_formula,url,modality,transcription_text,ssml_text,survey_id,item_order,formula_row,respondent_id,annotation,formula_match,difficult_parts,pauses_helpful,emphasis_helpful,speech_rate_helpful,explanatory_info_helpful,timestamp,sounded clear,pronounced the words correctly,sounded natural,was comfortable to listen to throughout the survey,sounded like a real teacher,Gender,Age Group,Nationality,Highest Educational Degree,Which area best describes your field of study?,Mathematical Background,English Proficiency,Device Used to Complete the Survey,Audio Equipment used,audio_duration_sec
13,"https://en.wikipedia.org/wiki/Erlangen_program|{\displaystyle \mathrm {O} (n,1)/\mathrm {C} _{2},\ }",Mathematics,11-20,11,"{\displaystyle \mathrm {O} (n,1)/\mathrm {C} _{2},\ }",https://en.wikipedia.org/wiki/Erlangen_program,standard,"Capital O, open parenthesis, n, comma, one, close parenthesis, divided by, Capital C subscript two.","<prosody rate=""slow"">Capital O, <break time=""200ms""/> open parenthesis, <break time=""150ms""/> n, <break time=""150ms""/> comma, <break time=""150ms""/> one, <break time=""150ms""/> close parenthesis, <break time=""250ms""/> <emphasis>divided by</emphasis>, <break time=""250ms""/> Capital C subscript two.</prosody>",1,1,14,study1_r1,14A,5,Nothing was difficult,3,3,3,,2026/06/17 12:33:08 PM OESZ,5,3,2,2,1,Male,35-44,Germany,Doctorate / PhD (or comparable university degree),Physics;Computer Science,"Advanced university mathematics (proofs, abstract algebra, advanced calculus, etc.)",Advanced (C1),Desktop computer,Earbuds,11.075833333333334
13,"https://en.wikipedia.org/wiki/Erlangen_program|{\displaystyle \mathrm {O} (n,1)/\mathrm {C} _{2},\ }",Mathematics,11-20,11,"{\displaystyle \mathrm {O} (n,1)/\mathrm {C} _{2},\ }",https://en.wikipedia.org/wiki/Erlangen_program,standard,"Capital O, open parenthesis, n, comma, one, close parenthesis, divided by, Capital C subscript two.","<prosody rate=""slow"">Capital O, <break time=""200ms""/> open parenthesis, <break time=""150ms""/> n, <break time=""150ms""/> comma, <break time=""150ms""/> one, <break time=""150ms""/> close parenthesis, <break time=""250ms""/> <emphasis>divided by</emphasis>, <break time=""250ms""/> Capital C subscript two.</prosody>",1,1,14,study1_r2,14A,5,Nothing was difficult,4,4,4,,2026/06/26 5:07:04 PM OESZ,5,5,5,5,3,Female,55-64,Germany,Master's Degree (or comparable university degree),Social Sciences;Humanities and Languages,"Secondary school mathematics (functions, logarithms, trigonometry)",Intermediate (B1-B2),Tablet,"Built-in speakers (in smartphone, notebook, tablet, etc.)",11.075833333333334
13,"https://en.wikipedia.org/wiki/Erlangen_program|{\displaystyle \mathrm {O} (n,1)/\mathrm {C} _{2},\ }",Mathematics,11-20,11,"{\displaystyle \mathrm {O} (n,1)/\mathrm {C} _{2},\ }",https://en.wikipedia.org/wiki/Erlangen_program,standard,"Capital O, open parenthesis, n, comma, one, close parenthesis, divided by, Capital C subscript two.","<prosody rate=""slow"">Capital O, <break time=""200ms""/> open parenthesis, <break time=""150ms""/> n, <break time=""150ms""/> comma, <break time=""150ms""/> one, <break time=""150ms""/> close parenthesis, <break time=""250ms""/> <emphasis>divided by</emphasis>, <break time=""250ms""/> Capital C subscript two.</prosody>",1,1,14,study1_r3,14A,4,"Brackets and grouping (e.g. ""(..)"" or ""{..}"")",4,4,4,,2026/06/30 6:35:48 PM OESZ,4,4,4,4,4,Female,55-64,Germany,Bachelor's Degree (or comparable university degree),Economics,"Undergraduate-level mathematics (calculus, matrices, vectors, statistics)",Advanced (C1),Smartphone,"Built-in speakers (in smartphone, notebook, tablet, etc.)",11.075833333333334
13,"https://en.wikipedia.org/wiki/Erlangen_program|{\displaystyle \mathrm {O} (n,1)/\mathrm {C} _{2},\ }",Mathematics,11-20,11,"{\displaystyle \mathrm {O} (n,1)/\mathrm {C} _{2},\ }",https://en.wikipedia.org/wiki/Erlangen_program,standard,"Capital O, open parenthesis, n, comma, one, close parenthesis, divided by, Capital C subscript two.","<prosody rate=""slow"">Capital O, <break time=""200ms""/> open parenthesis, <break time=""150ms""/> n, <break time=""150ms""/> comma, <break time=""150ms""/> one, <break time=""150ms""/> close parenthesis, <break time=""250ms""/> <emphasis>divided by</emphasis>, <break time=""250ms""/> Capital C subscript two.</prosody>",1,1,14,study1_r4,14A,4,Nothing was difficult,4,4,4,,2026/07/03 12:16:41 PM OESZ,2,2,2,4,2,Female,45-54,Germany,Doctorate / PhD (or comparable university degree),Mathematics;Statistics;Economics;Computer Science;Health Sciences,"Advanced university mathematics (proofs, abstract algebra, advanced calculus, etc.)",Advanced (C1),Desktop computer,"Built-in speakers (in smartphone, notebook, tablet, etc.)",11.075833333333334
13,"https://en.wikipedia.org/wiki/Erlangen_program|{\displaystyle \mathrm {O} (n,1)/\mathrm {C} _{2},\ }",Mathematics,11-20,11,"{\displaystyle \mathrm {O} (n,1)/\mathrm {C} _{2},\ }",https://en.wikipedia.org/wiki/Erlangen_program,standard,"Capital O, open parenthesis, n, comma, one, close parenthesis, divided by, Capital C subscript two.","<prosody rate=""slow"">Capital O, <break time=""200ms""/> open parenthesis, <break time=""150ms""/> n, <break time=""150ms""/> comma, <break time=""150ms""/> one, <break time=""150ms""/> close parenthesis, <break time=""250ms""/> <emphasis>divided by</emphasis>, <break time=""250ms""/> Capital C subscript two.</prosody>",1,1,14,study1_r5,14A,5,Nothing was difficult,5,5,5,,2026/07/14 1:14:47 AM OESZ,4,4,4,3,3,Male,35-44,Germany,Master's Degree (or comparable university degree),Mathematics;Statistics,"Advanced university mathematics (proofs, abstract algebra, advanced calculus, etc.)",Advanced (C1),Smartphone,Earbuds,11.075833333333334
40,http://en.wikipedia.org/wiki/Lamb_shift|\langle \delta \vec{r} \rangle _{vac} =0,Physics,1-10,6,\langle \delta \vec{r} \rangle _{vac} =0,http://en.wikipedia.org/wiki/Lamb_shift,extended,"Since the fluctuations are isotropic, the vacuum expectation value, written as left angle bracket, delta vector r, right angle bracket, with subscript v a c, equals zero.","<prosody rate=""medium"">Since the fluctuations are isotropic, the vacuum expectation value,</prosody><break time=""200ms""/><prosody rate=""slow"">written as <emphasis>left angle bracket</emphasis>, <emphasis>delta vector r</emphasis>, <emphasis>right angle bracket</emphasis>,</prosody><break time=""150ms""/><prosody rate=""slow"">with subscript <emphasis>v a c</emphasis>,</prosody><break time=""200ms""/><prosody rate=""medium""><emphasis>equals zero.</emphasis></prosody>",1,2,17,study1_r1,17B,4,"Brackets and grouping (e.g. ""(..)"" or ""{..}"");Subscripts and indices",3,3,2,4.0,2026/06/17 12:33:08 PM OESZ,5,3,2,2,1,Male,35-44,Germany,Doctorate / PhD (or comparable university degree),Physics;Computer Science,"Advanced university mathematics (proofs, abstract algebra, advanced calculus, etc.)",Advanced (C1),Desktop computer,Earbuds,13.949333333333334
40,http://en.wikipedia.org/wiki/Lamb_shift|\langle \delta \vec{r} \rangle _{vac} =0,Physics,1-10,6,\langle \delta \vec{r} \rangle _{vac} =0,http://en.wikipedia.org/wiki/Lamb_shift,extended,"Since the fluctuations are isotropic, the vacuum expectation value, written as left angle bracket, delta vector r, right angle bracket, with subscript v a c, equals zero.","<prosody rate=""medium"">Since the fluctuations are isotropic, the vacuum expectation value,</prosody><break time=""200ms""/><prosody rate=""slow"">written as <emphasis>left angle bracket</emphasis>, <emphasis>delta vector r</emphasis>, <emphasis>right angle bracket</emphasis>,</prosody><break time=""150ms""/><prosody rate=""slow"">with subscript <emphasis>v a c</emphasis>,</prosody><break time=""200ms""/><prosody rate=""medium""><emphasis>equals zero.</emphasis></prosody>",1,2,17,study1_r2,17B,2,"Brackets and grouping (e.g. ""(..)"" or ""{..}"")",3,3,3,2.0,2026/06/26 5:07:04 PM OESZ,5,5,5,5,3,Female,55-64,Germany,Master's Degree (or comparable university degree),Social Sciences;Humanities and Languages,"Secondary school mathematics (functions, logarithms, trigonometry)",Intermediate (B1-B2),Tablet,"Built-in speakers (in smartphone, notebook, tablet, etc.)",13.949333333333334
40,http://en.wikipedia.org/wiki/Lamb_shift|\langle \delta \vec{r} \rangle _{vac} =0,Physics,1-10,6,\langle \delta \vec{r} \rangle _{vac} =0,http://en.wikipedia.org/wiki/Lamb_shift,extended,"Since the fluctuations are isotropic, the vacuum expectation value, written as left angle bracket, delta vector r, right angle bracket, with subscript v a c, equals zero.","<prosody rate=""medium"">Since the fluctuations are isotropic, the vacuum expectation value,</prosody><break time=""200ms""/><prosody rate=""slow"">written as <emphasis>left angle bracket</emphasis>, <emphasis>delta vector r</emphasis>, <emphasis>right angle bracket</emphasis>,</prosody><break time=""150ms""/><prosody rate=""slow"">with subscript <emphasis>v a c</emphasis>,</prosody><break time=""200ms""/><prosody rate=""medium""><emphasis>equals zero.</emphasis></prosody>",1,2,17,study1_r3,17B,4,"Brackets and grouping (e.g. ""(..)"" or ""{..}"")",3,3,3,3.0,2026/06/30 6:35:48 PM OESZ,4,4,4,4,4,Female,55-64,Germany,Bachelor's Degree (or comparable university degree),Economics,"Undergraduate-level mathematics (calculus, matrices, vectors, statistics)",Advanced (C1),Smartphone,"Built-in speakers (in smartphone, notebook, tablet, etc.)",13.949333333333334
40,http://en.wikipedia.org/wiki/Lamb_shift|\langle \delta \vec{r} \rangle _{vac} =0,Physics,1-10,6,\langle \delta \vec{r} \rangle _{vac} =0,http://en.wikipedia.org/wiki/Lamb_shift,extended,"Since the fluctuations are isotropic, the vacuum expectation value, written as left angle bracket, delta vector r, right angle bracket, with subscript v a c, equals zero.","<prosody rate=""medium"">Since the fluctuations are isotropic, the vacuum expectation value,</prosody><break time=""200ms""/><prosody rate=""slow"">written as <emphasis>left angle bracket</emphasis>, <emphasis>delta vector r</emphasis>, <emphasis>right angle bracket</emphasis>,</prosody><break time=""150ms""/><prosody rate=""slow"">with subscript <emphasis>v a c</emphasis>,</prosody><break time=""200ms""/><prosody rate=""medium""><emphasis>equals zero.</emphasis></prosody>",1,2,17,study1_r4,17B,1,"Brackets and grouping (e.g. ""(..)"" or ""{..}"");Capitalization",2,2,2,2.0,2026/07/03 12:16:41 PM OESZ,2,2,2,4,2,Female,45-54,Germany,Doctorate / PhD (or comparable university degree),Mathematics;Statistics;Economics;Computer Science;Health Sciences,"Advanced university mathematics (proofs, abstract algebra, advanced calculus, etc.)",Advanced (C1),Desktop computer,"Built-in speakers (in smartphone, notebook, tablet, etc.)",13.949333333333334
40,http://en.wikipedia.org/wiki/Lamb_shift|\langle \delta \vec{r} \rangle _{vac} =0,Physics,1-10,6,\langle \delta \vec{r} \rangle _{vac} =0,http://en.wikipedia.org/wiki/Lamb_shift,extended,"Since the fluctuations are isotropic, the vacuum expectation value, written as left angle bracket, delta vector r, right angle bracket, with subscript v a c, equals zero.","<prosody rate=""medium"">Since the fluctuations are isotropic, the vacuum expectation value,</prosody><break time=""200ms""/><prosody rate=""slow"">written as <emphasis>left angle bracket</emphasis>, <emphasis>delta vector r</emphasis>, <emphasis>right angle bracket</emphasis>,</prosody><break time=""150ms""/><prosody rate=""slow"">with subscript <emphasis>v a c</emphasis>,</prosody><break time=""200ms""/><prosody rate=""medium""><emphasis>equals zero.</emphasis></prosody>",1,2,17,study1_r5,17B,4,Superscripts and exponents,4,4,3,3.0,2026/07/14 1:14:47 AM OESZ,4,4,4,3,3,Male,35-44,Germany,Master's Degree (or comparable university degree),Mathematics;Statistics,"Advanced university mathematics (proofs, abstract algebra, advanced calculus, etc.)",Advanced (C1),Smartphone,Earbuds,13.949333333333334
41,"https://en.wikipedia.org/wiki/Brewster%27s_angle|{\displaystyle \theta _{\mathrm {B} }=\arctan \!\left({\frac {n_{2}}{n_{1}}}\right)\!,}",Physics,11-20,15,"{\displaystyle \theta _{\mathrm {B} }=\arctan \!\left({\frac {n_{2}}{n_{1}}}\right)\!,}",https://en.wikipedia.org/wiki/Brewster%27s_angle,extended,"Brewster’s angle, theta subscript capital B, equals the arctangent of, open parenthesis, n subscript two over n subscript one, close parenthesis, where n subscript one is the refractive index of the initial incident medium and n subscript two is the refractive index of the other medium.","<prosody rate=""medium"">Brewster’s angle, <break time=""200ms""/> theta subscript capital B, <break time=""200ms""/> equals <break time=""150ms""/> the <emphasis>arctangent</emphasis> of, <break time=""150ms""/> open parenthesis, <break time=""150ms""/> <prosody rate=""slow"">n subscript two over n subscript one,</prosody> <break time=""150ms""/> close parenthesis, <break time=""250ms""/> where n subscript one is the refractive index of the initial incident medium and n subscript two is the refractive index of the other medium.</prosody>",1,3,18,study1_r1,18B,5,Subscripts and indices,3,3,2,5.0,2026/06/17 12:33:08 PM OESZ,5,3,2,2,1,Male,35-44,Germany,Doctorate / PhD (or comparable university degree),Physics;Computer Science,"Advanced university mathematics (proofs, abstract algebra, advanced calculus, etc.)",Advanced (C1),Desktop computer,Earbuds,19.226
41,"https://en.wikipedia.org/wiki/Brewster%27s_angle|{\displaystyle \theta _{\mathrm {B} }=\arctan \!\left({\frac {n_{2}}{n_{1}}}\right)\!,}",Physics,11-20,15,"{\displaystyle \theta _{\mathrm {B} }=\arctan \!\left({\frac {n_{2}}{n_{1}}}\right)\!,}",https://en.wikipedia.org/wiki/Brewster%27s_angle,extended,"Brewster’s angle, theta subscript capital B, equals the arctangent of, open parenthesis, n subscript two over n subscript one, close parenthesis, where n subscript one is the refractive index of the initial incident medium and n subscript two is the refractive index of the other medium.","<prosody rate=""medium"">Brewster’s angle, <break time=""200ms""/> theta subscript capital B, <break time=""200ms""/> equals <break time=""150ms""/> the <emphasis>arctangent</emphasis> of, <break time=""150ms""/> open parenthesis, <break time=""150ms""/> <prosody rate=""slow"">n subscript two over n subscript one,</prosody> <break time=""150ms""/> close parenthesis, <break time=""250ms""/> where n subscript one is the refractive index of the initial incident medium and n subscript two is the refractive index of the other medium.</prosody>",1,3,18,study1_r2,18B,4,"Brackets and grouping (e.g. ""(..)"" or ""{..}"")",3,3,3,2.0,2026/06/26 5:07:04 PM OESZ,5,5,5,5,3,Female,55-64,Germany,Master's Degree (or comparable university degree),Social Sciences;Humanities and Languages,"Secondary school mathematics (functions, logarithms, trigonometry)",Intermediate (B1-B2),Tablet,"Built-in speakers (in smartphone, notebook, tablet, etc.)",19.226
41,"https://en.wikipedia.org/wiki/Brewster%27s_angle|{\displaystyle \theta _{\mathrm {B} }=\arctan \!\left({\frac {n_{2}}{n_{1}}}\right)\!,}",Physics,11-20,15,"{\displaystyle \theta _{\mathrm {B} }=\arctan \!\left({\frac {n_{2}}{n_{1}}}\right)\!,}",https://en.wikipedia.org/wiki/Brewster%27s_angle,extended,"Brewster’s angle, theta subscript capital B, equals the arctangent of, open parenthesis, n subscript two over n subscript one, close parenthesis, where n subscript one is the refractive index of the initial incident medium and n subscript two is the refractive index of the other medium.","<prosody rate=""medium"">Brewster’s angle, <break time=""200ms""/> theta subscript capital B, <break time=""200ms""/> equals <break time=""150ms""/> the <emphasis>arctangent</emphasis> of, <break time=""150ms""/> open parenthesis, <break time=""150ms""/> <prosody rate=""slow"">n subscript two over n subscript one,</prosody> <break time=""150ms""/> close parenthesis, <break time=""250ms""/> where n subscript one is the refractive index of the initial incident medium and n subscript two is the refractive index of the other medium.</prosody>",1,3,18,study1_r3,18B,2,"Brackets and grouping (e.g. ""(..)"" or ""{..}"")",3,3,3,3.0,2026/06/30 6:35:48 PM OESZ,4,4,4,4,4,Female,55-64,Germany,Bachelor's Degree (or comparable university degree),Economics,"Undergraduate-level mathematics (calculus, matrices, vectors, statistics)",Advanced (C1),Smartphone,"Built-in speakers (in smartphone, notebook, tablet, etc.)",19.226
41,"https://en.wikipedia.org/wiki/Brewster%27s_angle|{\displaystyle \theta _{\mathrm {B} }=\arctan \!\left({\frac {n_{2}}{n_{1}}}\right)\!,}",Physics,11-20,15,"{\displaystyle \theta _{\mathrm {B} }=\arctan \!\left({\frac {n_{2}}{n_{1}}}\right)\!,}",https://en.wikipedia.org/wiki/Brewster%27s_angle,extended,"Brewster’s angle, theta subscript capital B, equals the arctangent of, open parenthesis, n subscript two over n subscript one, close parenthesis, where n subscript one is the refractive index of the initial incident medium and n subscript two is the refractive index of the other medium.","<prosody rate=""medium"">Brewster’s angle, <break time=""200ms""/> theta subscript capital B, <break time=""200ms""/> equals <break time=""150ms""/> the <emphasis>arctangent</emphasis> of, <break time=""150ms""/> open parenthesis, <break time=""150ms""/> <prosody rate=""slow"">n subscript two over n subscript one,</prosody> <break time=""150ms""/> close parenthesis, <break time=""250ms""/> where n subscript one is the refractive index of the initial incident medium and n subscript two is the refractive index of the other medium.</prosody>",1,3,18,study1_r4,18B,2,Greek letters;Capitalization,2,2,2,2.0,2026/07/03 12:16:41 PM OESZ,2,2,2,4,2,Female,45-54,Germany,Doctorate / PhD (or comparable university degree),Mathematics;Statistics;Economics;Computer Science;Health Sciences,"Advanced university mathematics (proofs, abstract algebra, advanced calculus, etc.)",Advanced (C1),Desktop computer,"Built-in speakers (in smartphone, notebook, tablet, etc.)",19.226
41,"https://en.wikipedia.org/wiki/Brewster%27s_angle|{\displaystyle \theta _{\mathrm {B} }=\arctan \!\left({\frac {n_{2}}{n_{1}}}\right)\!,}",Physics,11-20,15,"{\displaystyle \theta _{\mathrm {B} }=\arctan \!\left({\frac {n_{2}}{n_{1}}}\right)\!,}",https://en.wikipedia.org/wiki/Brewster%27s_angle,extended,"Brewster’s angle, theta subscript capital B, equals the arctangent of, open parenthesis, n subscript two over n subscript one, close parenthesis, where n subscript one is the refractive index of the initial incident medium and n subscript two is the refractive index of the other medium.","<prosody rate=""medium"">Brewster’s angle, <break time=""200ms""/> theta subscript capital B, <break time=""200ms""/> equals <break time=""150ms""/> the <emphasis>arctangent</emphasis> of, <break time=""150ms""/> open parenthesis, <break time=""150ms""/> <prosody rate=""slow"">n subscript two over n subscript one,</prosody> <break time=""150ms""/> close parenthesis, <break time=""250ms""/> where n subscript one is the refractive index of the initial incident medium and n subscript two is the refractive index of the other medium.</prosody>",1,3,18,study1_r5,18B,3,"Brackets and grouping (e.g. ""(..)"" or ""{..}"");Fractions and divisions structures",3,4,3,4.0,2026/07/14 1:14:47 AM OESZ,4,4,4,3,3,Male,35-44,Germany,Master's Degree (or comparable university degree),Mathematics;Statistics,"Advanced university mathematics (proofs, abstract algebra, advanced calculus, etc.)",Advanced (C1),Smartphone,Earbuds,19.226
22,"http://en.wikipedia.org/wiki/Frisch-Waugh-Lovell_theorem|M_{X_1} Y = M_{X_1} X_2 \beta_2 + M_{X_1} u \!,",Statistics,21-30,26,"M_{X_1} Y = M_{X_1} X_2 \beta_2 + M_{X_1} u \!,",http://en.wikipedia.org/wiki/Frisch-Waugh-Lovell_theorem,standard,"Capital M subscript, capital X subscript one, times capital Y, equals capital M subscript, capital X subscript one, times capital X subscript two, times beta subscript two, plus capital M subscript, capital X subscript one, times u.","<prosody rate=""slow"">Capital M subscript, capital X subscript one, times capital Y, <break time=""250ms""/><emphasis>equals</emphasis><break time=""250ms""/> capital M subscript, capital X subscript one, times capital X subscript two, times beta subscript two, <break time=""250ms""/><emphasis>plus</emphasis><break time=""250ms""/> capital M subscript, capital X subscript one, times u.</prosody>",1,4,23,study1_r1,23A,5,Subscripts and indices,4,2,4,,2026/06/17 12:33:08 PM OESZ,5,3,2,2,1,Male,35-44,Germany,Doctorate / PhD (or comparable university degree),Physics;Computer Science,"Advanced university mathematics (proofs, abstract algebra, advanced calculus, etc.)",Advanced (C1),Desktop computer,Earbuds,21.812166666666666
22,"http://en.wikipedia.org/wiki/Frisch-Waugh-Lovell_theorem|M_{X_1} Y = M_{X_1} X_2 \beta_2 + M_{X_1} u \!,",Statistics,21-30,26,"M_{X_1} Y = M_{X_1} X_2 \beta_2 + M_{X_1} u \!,",http://en.wikipedia.org/wiki/Frisch-Waugh-Lovell_theorem,standard,"Capital M subscript, capital X subscript one, times capital Y, equals capital M subscript, capital X subscript one, times capital X subscript two, times beta subscript two, plus capital M subscript, capital X subscript one, times u.","<prosody rate=""slow"">Capital M subscript, capital X subscript one, times capital Y, <break time=""250ms""/><emphasis>equals</emphasis><break time=""250ms""/> capital M subscript, capital X subscript one, times capital X subscript two, times beta subscript two, <break time=""250ms""/><emphasis>plus</emphasis><break time=""250ms""/> capital M subscript, capital X subscript one, times u.</prosody>",1,4,23,study1_r2,23A,3,Subscripts and indices;Capitalization,3,3,3,,2026/06/26 5:07:04 PM OESZ,5,5,5,5,3,Female,55-64,Germany,Master's Degree (or comparable university degree),Social Sciences;Humanities and Languages,"Secondary school mathematics (functions, logarithms, trigonometry)",Intermediate (B1-B2),Tablet,"Built-in speakers (in smartphone, notebook, tablet, etc.)",21.812166666666666
22,"http://en.wikipedia.org/wiki/Frisch-Waugh-Lovell_theorem|M_{X_1} Y = M_{X_1} X_2 \beta_2 + M_{X_1} u \!,",Statistics,21-30,26,"M_{X_1} Y = M_{X_1} X_2 \beta_2 + M_{X_1} u \!,",http://en.wikipedia.org/wiki/Frisch-Waugh-Lovell_theorem,standard,"Capital M subscript, capital X subscript one, times capital Y, equals capital M subscript, capital X subscript one, times capital X subscript two, times beta subscript two, plus capital M subscript, capital X subscript one, times u.","<prosody rate=""slow"">Capital M subscript, capital X subscript one, times capital Y, <break time=""250ms""/><emphasis>equals</emphasis><break time=""250ms""/> capital M subscript, capital X subscript one, times capital X subscript two, times beta subscript two, <break time=""250ms""/><emphasis>plus</emphasis><break time=""250ms""/> capital M subscript, capital X subscript one, times u.</prosody>",1,4,23,study1_r3,23A,3,Subscripts and indices,3,3,3,,2026/06/30 6:35:48 PM OESZ,4,4,4,4,4,Female,55-64,Germany,Bachelor's Degree (or comparable university degree),Economics,"Undergraduate-level mathematics (calculus, matrices, vectors, statistics)",Advanced (C1),Smartphone,"Built-in speakers (in smartphone, notebook, tablet, etc.)",21.812166666666666
22,"http://en.wikipedia.org/wiki/Frisch-Waugh-Lovell_theorem|M_{X_1} Y = M_{X_1} X_2 \beta_2 + M_{X_1} u \!,",Statistics,21-30,26,"M_{X_1} Y = M_{X_1} X_2 \beta_2 + M_{X_1} u \!,",http://en.wikipedia.org/wiki/Frisch-Waugh-Lovell_theorem,standard,"Capital M subscript, capital X subscript one, times capital Y, equals capital M subscript, capital X subscript one, times capital X subscript two, times beta subscript two, plus capital M subscript, capital X subscript one, times u.","<prosody rate=""slow"">Capital M subscript, capital X subscript one, times capital Y, <break time=""250ms""/><emphasis>equals</emphasis><break time=""250ms""/> capital M subscript, capital X subscript one, times capital X subscript two, times beta subscript two, <break time=""250ms""/><emphasis>plus</emphasis><break time=""250ms""/> capital M subscript, capital X subscript one, times u.</prosody>",1,4,23,study1_r4,23A,3,Subscripts and indices,3,3,3,,2026/07/03 12:16:41 PM OESZ,2,2,2,4,2,Female,45-54,Germany,Doctorate / PhD (or comparable university degree),Mathematics;Statistics;Economics;Computer Science;Health Sciences,"Advanced university mathematics (proofs, abstract algebra, advanced calculus, etc.)",Advanced (C1),Desktop computer,"Built-in speakers (in smartphone, notebook, tablet, etc.)",21.812166666666666
22,"http://en.wikipedia.org/wiki/Frisch-Waugh-Lovell_theorem|M_{X_1} Y = M_{X_1} X_2 \beta_2 + M_{X_1} u \!,",Statistics,21-30,26,"M_{X_1} Y = M_{X_1} X_2 \beta_2 + M_{X_1} u \!,",http://en.wikipedia.org/wiki/Frisch-Waugh-Lovell_theorem,standard,"Capital M subscript, capital X subscript one, times capital Y, equals capital M subscript, capital X subscript one, times capital X subscript two, times beta subscript two, plus capital M subscript, capital X subscript one, times u.","<prosody rate=""slow"">Capital M subscript, capital X subscript one, times capital Y, <break time=""250ms""/><emphasis>equals</emphasis><break time=""250ms""/> capital M subscript, capital X subscript one, times capital X subscript two, times beta subscript two, <break time=""250ms""/><emphasis>plus</emphasis><break time=""250ms""/> capital M subscript, capital X subscript one, times u.</prosody>",1,4,23,study1_r5,23A,2,Subscripts and indices;Capitalization,2,3,3,,2026/07/14 1:14:47 AM OESZ,4,4,4,3,3,Male,35-44,Germany,Master's Degree (or comparable university degree),Mathematics;Statistics,"Advanced university mathematics (proofs, abstract algebra, advanced calculus, etc.)",Advanced (C1),Smartphone,Earbuds,21.812166666666666
23,http://en.wikipedia.org/wiki/Pivotal_quantity|r = \frac{\frac1{n-1} \sum_{i=1}^n (X_i - \overline{X})(Y_i - \overline{Y})}{s_X s_Y},Statistics,31-40,35,r = \frac{\frac1{n-1} \sum_{i=1}^n (X_i - \overline{X})(Y_i - \overline{Y})}{s_X s_Y},http://en.wikipedia.org/wiki/Pivotal_quantity,standard,"r equals, open parenthesis, one over n minus one, times the sum from i equals one to n, of open parenthesis capital X sub i minus capital X bar close parenthesis, times open parenthesis capital Y sub i minus capital Y bar close parenthesis, close parenthesis, all divided by s sub capital X times s sub capital Y.","<prosody rate=""slow"">r equals,<break time=""250ms""/> open parenthesis,<break time=""200ms""/> <emphasis>one over n minus one</emphasis>,<break time=""200ms""/> times the sum from i equals one to n,<break time=""200ms""/> of open parenthesis capital X sub i minus capital X bar close parenthesis,<break time=""200ms""/> times open parenthesis capital Y sub i minus capital Y bar close parenthesis,<break time=""200ms""/> close parenthesis,<break time=""250ms""/> all divided by<break time=""200ms""/> <emphasis>s sub capital X</emphasis> times <emphasis>s sub capital Y</emphasis>.</prosody>",1,5,24,study1_r1,24A,5,"Brackets and grouping (e.g. ""(..)"" or ""{..}"");Subscripts and indices",4,3,4,,2026/06/17 12:33:08 PM OESZ,5,3,2,2,1,Male,35-44,Germany,Doctorate / PhD (or comparable university degree),Physics;Computer Science,"Advanced university mathematics (proofs, abstract algebra, advanced calculus, etc.)",Advanced (C1),Desktop computer,Earbuds,27.2195
23,http://en.wikipedia.org/wiki/Pivotal_quantity|r = \frac{\frac1{n-1} \sum_{i=1}^n (X_i - \overline{X})(Y_i - \overline{Y})}{s_X s_Y},Statistics,31-40,35,r = \frac{\frac1{n-1} \sum_{i=1}^n (X_i - \overline{X})(Y_i - \overline{Y})}{s_X s_Y},http://en.wikipedia.org/wiki/Pivotal_quantity,standard,"r equals, open parenthesis, one over n minus one, times the sum from i equals one to n, of open parenthesis capital X sub i minus capital X bar close parenthesis, times open parenthesis capital Y sub i minus capital Y bar close parenthesis, close parenthesis, all divided by s sub capital X times s sub capital Y.","<prosody rate=""slow"">r equals,<break time=""250ms""/> open parenthesis,<break time=""200ms""/> <emphasis>one over n minus one</emphasis>,<break time=""200ms""/> times the sum from i equals one to n,<break time=""200ms""/> of open parenthesis capital X sub i minus capital X bar close parenthesis,<break time=""200ms""/> times open parenthesis capital Y sub i minus capital Y bar close parenthesis,<break time=""200ms""/> close parenthesis,<break time=""250ms""/> all divided by<break time=""200ms""/> <emphasis>s sub capital X</emphasis> times <emphasis>s sub capital Y</emphasis>.</prosody>",1,5,24,study1_r2,24A,4,"Brackets and grouping (e.g. ""(..)"" or ""{..}"");Mathematical symbols and operators (e.g. ""+"", ""-"", sum or integral)",3,3,3,,2026/06/26 5:07:04 PM OESZ,5,5,5,5,3,Female,55-64,Germany,Master's Degree (or comparable university degree),Social Sciences;Humanities and Languages,"Secondary school mathematics (functions, logarithms, trigonometry)",Intermediate (B1-B2),Tablet,"Built-in speakers (in smartphone, notebook, tablet, etc.)",27.2195
23,http://en.wikipedia.org/wiki/Pivotal_quantity|r = \frac{\frac1{n-1} \sum_{i=1}^n (X_i - \overline{X})(Y_i - \overline{Y})}{s_X s_Y},Statistics,31-40,35,r = \frac{\frac1{n-1} \sum_{i=1}^n (X_i - \overline{X})(Y_i - \overline{Y})}{s_X s_Y},http://en.wikipedia.org/wiki/Pivotal_quantity,standard,"r equals, open parenthesis, one over n minus one, times the sum from i equals one to n, of open parenthesis capital X sub i minus capital X bar close parenthesis, times open parenthesis capital Y sub i minus capital Y bar close parenthesis, close parenthesis, all divided by s sub capital X times s sub capital Y.","<prosody rate=""slow"">r equals,<break time=""250ms""/> open parenthesis,<break time=""200ms""/> <emphasis>one over n minus one</emphasis>,<break time=""200ms""/> times the sum from i equals one to n,<break time=""200ms""/> of open parenthesis capital X sub i minus capital X bar close parenthesis,<break time=""200ms""/> times open parenthesis capital Y sub i minus capital Y bar close parenthesis,<break time=""200ms""/> close parenthesis,<break time=""250ms""/> all divided by<break time=""200ms""/> <emphasis>s sub capital X</emphasis> times <emphasis>s sub capital Y</emphasis>.</prosody>",1,5,24,study1_r3,24A,4,"Brackets and grouping (e.g. ""(..)"" or ""{..}"")",3,4,4,,2026/06/30 6:35:48 PM OESZ,4,4,4,4,4,Female,55-64,Germany,Bachelor's Degree (or comparable university degree),Economics,"Undergraduate-level mathematics (calculus, matrices, vectors, statistics)",Advanced (C1),Smartphone,"Built-in speakers (in smartphone, notebook, tablet, etc.)",27.2195
23,http://en.wikipedia.org/wiki/Pivotal_quantity|r = \frac{\frac1{n-1} \sum_{i=1}^n (X_i - \overline{X})(Y_i - \overline{Y})}{s_X s_Y},Statistics,31-40,35,r = \frac{\frac1{n-1} \sum_{i=1}^n (X_i - \overline{X})(Y_i - \overline{Y})}{s_X s_Y},http://en.wikipedia.org/wiki/Pivotal_quantity,standard,"r equals, open parenthesis, one over n minus one, times the sum from i equals one to n, of open parenthesis capital X sub i minus capital X bar close parenthesis, times open parenthesis capital Y sub i minus capital Y bar close parenthesis, close parenthesis, all divided by s sub capital X times s sub capital Y.","<prosody rate=""slow"">r equals,<break time=""250ms""/> open parenthesis,<break time=""200ms""/> <emphasis>one over n minus one</emphasis>,<break time=""200ms""/> times the sum from i equals one to n,<break time=""200ms""/> of open parenthesis capital X sub i minus capital X bar close parenthesis,<break time=""200ms""/> times open parenthesis capital Y sub i minus capital Y bar close parenthesis,<break time=""200ms""/> close parenthesis,<break time=""250ms""/> all divided by<break time=""200ms""/> <emphasis>s sub capital X</emphasis> times <emphasis>s sub capital Y</emphasis>.</prosody>",1,5,24,study1_r4,24A,2,Fractions and divisions structures;Capitalization,3,3,3,,2026/07/03 12:16:41 PM OESZ,2,2,2,4,2,Female,45-54,Germany,Doctorate / PhD (or comparable university degree),Mathematics;Statistics;Economics;Computer Science;Health Sciences,"Advanced university mathematics (proofs, abstract algebra, advanced calculus, etc.)",Advanced (C1),Desktop computer,"Built-in speakers (in smartphone, notebook, tablet, etc.)",27.2195
23,http://en.wikipedia.org/wiki/Pivotal_quantity|r = \frac{\frac1{n-1} \sum_{i=1}^n (X_i - \overline{X})(Y_i - \overline{Y})}{s_X s_Y},Statistics,31-40,35,r = \frac{\frac1{n-1} \sum_{i=1}^n (X_i - \overline{X})(Y_i - \overline{Y})}{s_X s_Y},http://en.wikipedia.org/wiki/Pivotal_quantity,standard,"r equals, open parenthesis, one over n minus one, times the sum from i equals one to n, of open parenthesis capital X sub i minus capital X bar close parenthesis, times open parenthesis capital Y sub i minus capital Y bar close parenthesis, close parenthesis, all divided by s sub capital X times s sub capital Y.","<prosody rate=""slow"">r equals,<break time=""250ms""/> open parenthesis,<break time=""200ms""/> <emphasis>one over n minus one</emphasis>,<break time=""200ms""/> times the sum from i equals one to n,<break time=""200ms""/> of open parenthesis capital X sub i minus capital X bar close parenthesis,<break time=""200ms""/> times open parenthesis capital Y sub i minus capital Y bar close parenthesis,<break time=""200ms""/> close parenthesis,<break time=""250ms""/> all divided by<break time=""200ms""/> <emphasis>s sub capital X</emphasis> times <emphasis>s sub capital Y</emphasis>.</prosody>",1,5,24,study1_r5,24A,2,"Brackets and grouping (e.g. ""(..)"" or ""{..}"");Fractions and divisions structures;Superscripts and exponents;Mathematical symbols and operators (e.g. ""+"", ""-"", sum or integral)",1,2,1,,2026/07/14 1:14:47 AM OESZ,4,4,4,3,3,Male,35-44,Germany,Master's Degree (or comparable university degree),Mathematics;Statistics,"Advanced university mathematics (proofs, abstract algebra, advanced calculus, etc.)",Advanced (C1),Smartphone,Earbuds,27.2195
26,https://en.wikipedia.org/wiki/Albion_process|{\displaystyle MS_{2}+{\frac {1}{2}}O_{2}+H_{2}SO_{4}\rightarrow MSO_{4}+S^{0}+H_{2}O},Chemistry,21-30,25,{\displaystyle MS_{2}+{\frac {1}{2}}O_{2}+H_{2}SO_{4}\rightarrow MSO_{4}+S^{0}+H_{2}O},https://en.wikipedia.org/wiki/Albion_process,extended,"Capital M, capital S, subscript two, plus, one half O two, plus, capital H subscript two, capital S, capital O, subscript four, right arrow, capital M, capital S, capital O, subscript four, plus, capital S, superscript zero, plus, capital H, subscript two, capital O, which is the general leaching reaction in the Albion process.","<prosody rate=""slow"">Capital M, capital S, <break time=""150ms""/> subscript two, <break time=""200ms""/> plus, <break time=""200ms""/><emphasis level=""moderate"">one half</emphasis> O two, <break time=""200ms""/> plus, <break time=""200ms""/> capital H subscript two, <break time=""120ms""/> capital S, <break time=""120ms""/> capital O, <break time=""120ms""/> subscript four, <break time=""250ms""/> right arrow, <break time=""250ms""/> capital M, <break time=""120ms""/> capital S, <break time=""120ms""/> capital O, <break time=""120ms""/> subscript four, <break time=""200ms""/> plus, <break time=""200ms""/> capital S, <break time=""120ms""/> superscript zero, <break time=""200ms""/> plus, <break time=""200ms""/> capital H, <break time=""120ms""/> subscript two, <break time=""120ms""/> capital O, <break time=""250ms""/> which is the general leaching reaction in the Albion process.</prosody>",1,6,3,study1_r1,3B,5,Superscripts and exponents;Subscripts and indices,3,3,4,5.0,2026/06/17 12:33:08 PM OESZ,5,3,2,2,1,Male,35-44,Germany,Doctorate / PhD (or comparable university degree),Physics;Computer Science,"Advanced university mathematics (proofs, abstract algebra, advanced calculus, etc.)",Advanced (C1),Desktop computer,Earbuds,33.306
26,https://en.wikipedia.org/wiki/Albion_process|{\displaystyle MS_{2}+{\frac {1}{2}}O_{2}+H_{2}SO_{4}\rightarrow MSO_{4}+S^{0}+H_{2}O},Chemistry,21-30,25,{\displaystyle MS_{2}+{\frac {1}{2}}O_{2}+H_{2}SO_{4}\rightarrow MSO_{4}+S^{0}+H_{2}O},https://en.wikipedia.org/wiki/Albion_process,extended,"Capital M, capital S, subscript two, plus, one half O two, plus, capital H subscript two, capital S, capital O, subscript four, right arrow, capital M, capital S, capital O, subscript four, plus, capital S, superscript zero, plus, capital H, subscript two, capital O, which is the general leaching reaction in the Albion process.","<prosody rate=""slow"">Capital M, capital S, <break time=""150ms""/> subscript two, <break time=""200ms""/> plus, <break time=""200ms""/><emphasis level=""moderate"">one half</emphasis> O two, <break time=""200ms""/> plus, <break time=""200ms""/> capital H subscript two, <break time=""120ms""/> capital S, <break time=""120ms""/> capital O, <break time=""120ms""/> subscript four, <break time=""250ms""/> right arrow, <break time=""250ms""/> capital M, <break time=""120ms""/> capital S, <break time=""120ms""/> capital O, <break time=""120ms""/> subscript four, <break time=""200ms""/> plus, <break time=""200ms""/> capital S, <break time=""120ms""/> superscript zero, <break time=""200ms""/> plus, <break time=""200ms""/> capital H, <break time=""120ms""/> subscript two, <break time=""120ms""/> capital O, <break time=""250ms""/> which is the general leaching reaction in the Albion process.</prosody>",1,6,3,study1_r2,3B,4,Superscripts and exponents,4,4,4,3.0,2026/06/26 5:07:04 PM OESZ,5,5,5,5,3,Female,55-64,Germany,Master's Degree (or comparable university degree),Social Sciences;Humanities and Languages,"Secondary school mathematics (functions, logarithms, trigonometry)",Intermediate (B1-B2),Tablet,"Built-in speakers (in smartphone, notebook, tablet, etc.)",33.306
26,https://en.wikipedia.org/wiki/Albion_process|{\displaystyle MS_{2}+{\frac {1}{2}}O_{2}+H_{2}SO_{4}\rightarrow MSO_{4}+S^{0}+H_{2}O},Chemistry,21-30,25,{\displaystyle MS_{2}+{\frac {1}{2}}O_{2}+H_{2}SO_{4}\rightarrow MSO_{4}+S^{0}+H_{2}O},https://en.wikipedia.org/wiki/Albion_process,extended,"Capital M, capital S, subscript two, plus, one half O two, plus, capital H subscript two, capital S, capital O, subscript four, right arrow, capital M, capital S, capital O, subscript four, plus, capital S, superscript zero, plus, capital H, subscript two, capital O, which is the general leaching reaction in the Albion process.","<prosody rate=""slow"">Capital M, capital S, <break time=""150ms""/> subscript two, <break time=""200ms""/> plus, <break time=""200ms""/><emphasis level=""moderate"">one half</emphasis> O two, <break time=""200ms""/> plus, <break time=""200ms""/> capital H subscript two, <break time=""120ms""/> capital S, <break time=""120ms""/> capital O, <break time=""120ms""/> subscript four, <break time=""250ms""/> right arrow, <break time=""250ms""/> capital M, <break time=""120ms""/> capital S, <break time=""120ms""/> capital O, <break time=""120ms""/> subscript four, <break time=""200ms""/> plus, <break time=""200ms""/> capital S, <break time=""120ms""/> superscript zero, <break time=""200ms""/> plus, <break time=""200ms""/> capital H, <break time=""120ms""/> subscript two, <break time=""120ms""/> capital O, <break time=""250ms""/> which is the general leaching reaction in the Albion process.</prosody>",1,6,3,study1_r3,3B,3,Subscripts and indices,4,4,4,4.0,2026/06/30 6:35:48 PM OESZ,4,4,4,4,4,Female,55-64,Germany,Bachelor's Degree (or comparable university degree),Economics,"Undergraduate-level mathematics (calculus, matrices, vectors, statistics)",Advanced (C1),Smartphone,"Built-in speakers (in smartphone, notebook, tablet, etc.)",33.306
26,https://en.wikipedia.org/wiki/Albion_process|{\displaystyle MS_{2}+{\frac {1}{2}}O_{2}+H_{2}SO_{4}\rightarrow MSO_{4}+S^{0}+H_{2}O},Chemistry,21-30,25,{\displaystyle MS_{2}+{\frac {1}{2}}O_{2}+H_{2}SO_{4}\rightarrow MSO_{4}+S^{0}+H_{2}O},https://en.wikipedia.org/wiki/Albion_process,extended,"Capital M, capital S, subscript two, plus, one half O two, plus, capital H subscript two, capital S, capital O, subscript four, right arrow, capital M, capital S, capital O, subscript four, plus, capital S, superscript zero, plus, capital H, subscript two, capital O, which is the general leaching reaction in the Albion process.","<prosody rate=""slow"">Capital M, capital S, <break time=""150ms""/> subscript two, <break time=""200ms""/> plus, <break time=""200ms""/><emphasis level=""moderate"">one half</emphasis> O two, <break time=""200ms""/> plus, <break time=""200ms""/> capital H subscript two, <break time=""120ms""/> capital S, <break time=""120ms""/> capital O, <break time=""120ms""/> subscript four, <break time=""250ms""/> right arrow, <break time=""250ms""/> capital M, <break time=""120ms""/> capital S, <break time=""120ms""/> capital O, <break time=""120ms""/> subscript four, <break time=""200ms""/> plus, <break time=""200ms""/> capital S, <break time=""120ms""/> superscript zero, <break time=""200ms""/> plus, <break time=""200ms""/> capital H, <break time=""120ms""/> subscript two, <break time=""120ms""/> capital O, <break time=""250ms""/> which is the general leaching reaction in the Albion process.</prosody>",1,6,3,study1_r4,3B,4,Nothing was difficult,5,5,5,5.0,2026/07/03 12:16:41 PM OESZ,2,2,2,4,2,Female,45-54,Germany,Doctorate / PhD (or comparable university degree),Mathematics;Statistics;Economics;Computer Science;Health Sciences,"Advanced university mathematics (proofs, abstract algebra, advanced calculus, etc.)",Advanced (C1),Desktop computer,"Built-in speakers (in smartphone, notebook, tablet, etc.)",33.306
26,https://en.wikipedia.org/wiki/Albion_process|{\displaystyle MS_{2}+{\frac {1}{2}}O_{2}+H_{2}SO_{4}\rightarrow MSO_{4}+S^{0}+H_{2}O},Chemistry,21-30,25,{\displaystyle MS_{2}+{\frac {1}{2}}O_{2}+H_{2}SO_{4}\rightarrow MSO_{4}+S^{0}+H_{2}O},https://en.wikipedia.org/wiki/Albion_process,extended,"Capital M, capital S, subscript two, plus, one half O two, plus, capital H subscript two, capital S, capital O, subscript four, right arrow, capital M, capital S, capital O, subscript four, plus, capital S, superscript zero, plus, capital H, subscript two, capital O, which is the general leaching reaction in the Albion process.","<prosody rate=""slow"">Capital M, capital S, <break time=""150ms""/> subscript two, <break time=""200ms""/> plus, <break time=""200ms""/><emphasis level=""moderate"">one half</emphasis> O two, <break time=""200ms""/> plus, <break time=""200ms""/> capital H subscript two, <break time=""120ms""/> capital S, <break time=""120ms""/> capital O, <break time=""120ms""/> subscript four, <break time=""250ms""/> right arrow, <break time=""250ms""/> capital M, <break time=""120ms""/> capital S, <break time=""120ms""/> capital O, <break time=""120ms""/> subscript four, <break time=""200ms""/> plus, <break time=""200ms""/> capital S, <break time=""120ms""/> superscript zero, <break time=""200ms""/> plus, <break time=""200ms""/> capital H, <break time=""120ms""/> subscript two, <break time=""120ms""/> capital O, <break time=""250ms""/> which is the general leaching reaction in the Albion process.</prosody>",1,6,3,study1_r5,3B,3,Superscripts and exponents;Subscripts and indices,4,4,4,3.0,2026/07/14 1:14:47 AM OESZ,4,4,4,3,3,Male,35-44,Germany,Master's Degree (or comparable university degree),Mathematics;Statistics,"Advanced university mathematics (proofs, abstract algebra, advanced calculus, etc.)",Advanced (C1),Smartphone,Earbuds,33.306
39,https://en.wikipedia.org/wiki/Analytic_signal|{\displaystyle s_{\mathrm {a} }(t)=s(t)*\underbrace {\left[\delta (t)+j{1 \over \pi t}\right]} _{{\mathcal {F}}^{-1}\{2u(f)\}}.},Mathematics,31-40,33,{\displaystyle s_{\mathrm {a} }(t)=s(t)*\underbrace {\left[\delta (t)+j{1 \over \pi t}\right]} _{{\mathcal {F}}^{-1}\{2u(f)\}}.},https://en.wikipedia.org/wiki/Analytic_signal,extended,"Lowercase s sub a of lowercase t, equals, lowercase s of lowercase t, asterisk, open square bracket, delta of lowercase t, plus lowercase j, one over pi times lowercase t, close square bracket, a bracketed filtering term that removes negative frequency components, this entire square bracket is curly underbraced, sub, calligraphic capital F to the power of minus one, of open curly brace, two lowercase u of open parenthesis lowercase f close parenthesis, close curly brace, meaning the inverse Fourier transform of two lowercase u of lowercase f.","<prosody rate=""medium"">Lowercase s sub a of lowercase t, equals, lowercase s of lowercase t, asterisk,</prosody><break time=""300ms""/><prosody rate=""slow"">open square bracket, <break time=""200ms""/>delta of lowercase t, <break time=""200ms""/>plus lowercase j, <break time=""200ms""/>one over pi times lowercase t, <break time=""200ms""/>close square bracket,</prosody><break time=""250ms""/><prosody rate=""medium"">a bracketed filtering term that removes negative frequency components,</prosody><break time=""300ms""/><prosody rate=""slow""><emphasis>this entire square bracket is curly underbraced,</emphasis><break time=""250ms""/>sub, <break time=""200ms""/>calligraphic capital F to the power of minus one, <break time=""200ms""/>of open curly brace, <break time=""200ms""/>two lowercase u of open parenthesis lowercase f close parenthesis, <break time=""200ms""/>close curly brace,</prosody><break time=""250ms""/><prosody rate=""medium"">meaning the inverse Fourier transform of two lowercase u of lowercase f.</prosody>",1,7,16,study1_r1,16B,2,"Brackets and grouping (e.g. ""(..)"" or ""{..}"");Subscripts and indices",2,2,2,2.0,2026/06/17 12:33:08 PM OESZ,5,3,2,2,1,Male,35-44,Germany,Doctorate / PhD (or comparable university degree),Physics;Computer Science,"Advanced university mathematics (proofs, abstract algebra, advanced calculus, etc.)",Advanced (C1),Desktop computer,Earbuds,42.86683333333333
39,https://en.wikipedia.org/wiki/Analytic_signal|{\displaystyle s_{\mathrm {a} }(t)=s(t)*\underbrace {\left[\delta (t)+j{1 \over \pi t}\right]} _{{\mathcal {F}}^{-1}\{2u(f)\}}.},Mathematics,31-40,33,{\displaystyle s_{\mathrm {a} }(t)=s(t)*\underbrace {\left[\delta (t)+j{1 \over \pi t}\right]} _{{\mathcal {F}}^{-1}\{2u(f)\}}.},https://en.wikipedia.org/wiki/Analytic_signal,extended,"Lowercase s sub a of lowercase t, equals, lowercase s of lowercase t, asterisk, open square bracket, delta of lowercase t, plus lowercase j, one over pi times lowercase t, close square bracket, a bracketed filtering term that removes negative frequency components, this entire square bracket is curly underbraced, sub, calligraphic capital F to the power of minus one, of open curly brace, two lowercase u of open parenthesis lowercase f close parenthesis, close curly brace, meaning the inverse Fourier transform of two lowercase u of lowercase f.","<prosody rate=""medium"">Lowercase s sub a of lowercase t, equals, lowercase s of lowercase t, asterisk,</prosody><break time=""300ms""/><prosody rate=""slow"">open square bracket, <break time=""200ms""/>delta of lowercase t, <break time=""200ms""/>plus lowercase j, <break time=""200ms""/>one over pi times lowercase t, <break time=""200ms""/>close square bracket,</prosody><break time=""250ms""/><prosody rate=""medium"">a bracketed filtering term that removes negative frequency components,</prosody><break time=""300ms""/><prosody rate=""slow""><emphasis>this entire square bracket is curly underbraced,</emphasis><break time=""250ms""/>sub, <break time=""200ms""/>calligraphic capital F to the power of minus one, <break time=""200ms""/>of open curly brace, <break time=""200ms""/>two lowercase u of open parenthesis lowercase f close parenthesis, <break time=""200ms""/>close curly brace,</prosody><break time=""250ms""/><prosody rate=""medium"">meaning the inverse Fourier transform of two lowercase u of lowercase f.</prosody>",1,7,16,study1_r2,16B,3,"Brackets and grouping (e.g. ""(..)"" or ""{..}"");Fractions and divisions structures",3,3,3,2.0,2026/06/26 5:07:04 PM OESZ,5,5,5,5,3,Female,55-64,Germany,Master's Degree (or comparable university degree),Social Sciences;Humanities and Languages,"Secondary school mathematics (functions, logarithms, trigonometry)",Intermediate (B1-B2),Tablet,"Built-in speakers (in smartphone, notebook, tablet, etc.)",42.86683333333333
39,https://en.wikipedia.org/wiki/Analytic_signal|{\displaystyle s_{\mathrm {a} }(t)=s(t)*\underbrace {\left[\delta (t)+j{1 \over \pi t}\right]} _{{\mathcal {F}}^{-1}\{2u(f)\}}.},Mathematics,31-40,33,{\displaystyle s_{\mathrm {a} }(t)=s(t)*\underbrace {\left[\delta (t)+j{1 \over \pi t}\right]} _{{\mathcal {F}}^{-1}\{2u(f)\}}.},https://en.wikipedia.org/wiki/Analytic_signal,extended,"Lowercase s sub a of lowercase t, equals, lowercase s of lowercase t, asterisk, open square bracket, delta of lowercase t, plus lowercase j, one over pi times lowercase t, close square bracket, a bracketed filtering term that removes negative frequency components, this entire square bracket is curly underbraced, sub, calligraphic capital F to the power of minus one, of open curly brace, two lowercase u of open parenthesis lowercase f close parenthesis, close curly brace, meaning the inverse Fourier transform of two lowercase u of lowercase f.","<prosody rate=""medium"">Lowercase s sub a of lowercase t, equals, lowercase s of lowercase t, asterisk,</prosody><break time=""300ms""/><prosody rate=""slow"">open square bracket, <break time=""200ms""/>delta of lowercase t, <break time=""200ms""/>plus lowercase j, <break time=""200ms""/>one over pi times lowercase t, <break time=""200ms""/>close square bracket,</prosody><break time=""250ms""/><prosody rate=""medium"">a bracketed filtering term that removes negative frequency components,</prosody><break time=""300ms""/><prosody rate=""slow""><emphasis>this entire square bracket is curly underbraced,</emphasis><break time=""250ms""/>sub, <break time=""200ms""/>calligraphic capital F to the power of minus one, <break time=""200ms""/>of open curly brace, <break time=""200ms""/>two lowercase u of open parenthesis lowercase f close parenthesis, <break time=""200ms""/>close curly brace,</prosody><break time=""250ms""/><prosody rate=""medium"">meaning the inverse Fourier transform of two lowercase u of lowercase f.</prosody>",1,7,16,study1_r3,16B,3,"Brackets and grouping (e.g. ""(..)"" or ""{..}"")",3,3,3,3.0,2026/06/30 6:35:48 PM OESZ,4,4,4,4,4,Female,55-64,Germany,Bachelor's Degree (or comparable university degree),Economics,"Undergraduate-level mathematics (calculus, matrices, vectors, statistics)",Advanced (C1),Smartphone,"Built-in speakers (in smartphone, notebook, tablet, etc.)",42.86683333333333
39,https://en.wikipedia.org/wiki/Analytic_signal|{\displaystyle s_{\mathrm {a} }(t)=s(t)*\underbrace {\left[\delta (t)+j{1 \over \pi t}\right]} _{{\mathcal {F}}^{-1}\{2u(f)\}}.},Mathematics,31-40,33,{\displaystyle s_{\mathrm {a} }(t)=s(t)*\underbrace {\left[\delta (t)+j{1 \over \pi t}\right]} _{{\mathcal {F}}^{-1}\{2u(f)\}}.},https://en.wikipedia.org/wiki/Analytic_signal,extended,"Lowercase s sub a of lowercase t, equals, lowercase s of lowercase t, asterisk, open square bracket, delta of lowercase t, plus lowercase j, one over pi times lowercase t, close square bracket, a bracketed filtering term that removes negative frequency components, this entire square bracket is curly underbraced, sub, calligraphic capital F to the power of minus one, of open curly brace, two lowercase u of open parenthesis lowercase f close parenthesis, close curly brace, meaning the inverse Fourier transform of two lowercase u of lowercase f.","<prosody rate=""medium"">Lowercase s sub a of lowercase t, equals, lowercase s of lowercase t, asterisk,</prosody><break time=""300ms""/><prosody rate=""slow"">open square bracket, <break time=""200ms""/>delta of lowercase t, <break time=""200ms""/>plus lowercase j, <break time=""200ms""/>one over pi times lowercase t, <break time=""200ms""/>close square bracket,</prosody><break time=""250ms""/><prosody rate=""medium"">a bracketed filtering term that removes negative frequency components,</prosody><break time=""300ms""/><prosody rate=""slow""><emphasis>this entire square bracket is curly underbraced,</emphasis><break time=""250ms""/>sub, <break time=""200ms""/>calligraphic capital F to the power of minus one, <break time=""200ms""/>of open curly brace, <break time=""200ms""/>two lowercase u of open parenthesis lowercase f close parenthesis, <break time=""200ms""/>close curly brace,</prosody><break time=""250ms""/><prosody rate=""medium"">meaning the inverse Fourier transform of two lowercase u of lowercase f.</prosody>",1,7,16,study1_r4,16B,2,"Fractions and divisions structures;Subscripts and indices;Mathematical symbols and operators (e.g. ""+"", ""-"", sum or integral);Capitalization;Punctuation and separators",3,3,3,3.0,2026/07/03 12:16:41 PM OESZ,2,2,2,4,2,Female,45-54,Germany,Doctorate / PhD (or comparable university degree),Mathematics;Statistics;Economics;Computer Science;Health Sciences,"Advanced university mathematics (proofs, abstract algebra, advanced calculus, etc.)",Advanced (C1),Desktop computer,"Built-in speakers (in smartphone, notebook, tablet, etc.)",42.86683333333333
39,https://en.wikipedia.org/wiki/Analytic_signal|{\displaystyle s_{\mathrm {a} }(t)=s(t)*\underbrace {\left[\delta (t)+j{1 \over \pi t}\right]} _{{\mathcal {F}}^{-1}\{2u(f)\}}.},Mathematics,31-40,33,{\displaystyle s_{\mathrm {a} }(t)=s(t)*\underbrace {\left[\delta (t)+j{1 \over \pi t}\right]} _{{\mathcal {F}}^{-1}\{2u(f)\}}.},https://en.wikipedia.org/wiki/Analytic_signal,extended,"Lowercase s sub a of lowercase t, equals, lowercase s of lowercase t, asterisk, open square bracket, delta of lowercase t, plus lowercase j, one over pi times lowercase t, close square bracket, a bracketed filtering term that removes negative frequency components, this entire square bracket is curly underbraced, sub, calligraphic capital F to the power of minus one, of open curly brace, two lowercase u of open parenthesis lowercase f close parenthesis, close curly brace, meaning the inverse Fourier transform of two lowercase u of lowercase f.","<prosody rate=""medium"">Lowercase s sub a of lowercase t, equals, lowercase s of lowercase t, asterisk,</prosody><break time=""300ms""/><prosody rate=""slow"">open square bracket, <break time=""200ms""/>delta of lowercase t, <break time=""200ms""/>plus lowercase j, <break time=""200ms""/>one over pi times lowercase t, <break time=""200ms""/>close square bracket,</prosody><break time=""250ms""/><prosody rate=""medium"">a bracketed filtering term that removes negative frequency components,</prosody><break time=""300ms""/><prosody rate=""slow""><emphasis>this entire square bracket is curly underbraced,</emphasis><break time=""250ms""/>sub, <break time=""200ms""/>calligraphic capital F to the power of minus one, <break time=""200ms""/>of open curly brace, <break time=""200ms""/>two lowercase u of open parenthesis lowercase f close parenthesis, <break time=""200ms""/>close curly brace,</prosody><break time=""250ms""/><prosody rate=""medium"">meaning the inverse Fourier transform of two lowercase u of lowercase f.</prosody>",1,7,16,study1_r5,16B,2,"Brackets and grouping (e.g. ""(..)"" or ""{..}"");Fractions and divisions structures",2,3,1,3.0,2026/07/14 1:14:47 AM OESZ,4,4,4,3,3,Male,35-44,Germany,Master's Degree (or comparable university degree),Mathematics;Statistics,"Advanced university mathematics (proofs, abstract algebra, advanced calculus, etc.)",Advanced (C1),Smartphone,Earbuds,42.86683333333333
9,https://en.wikipedia.org/wiki/Spot%E2%80%93future_parity|{\displaystyle F=Se^{(r+y-q-u)T}},Economics,11-20,12,{\displaystyle F=Se^{(r+y-q-u)T}},https://en.wikipedia.org/wiki/Spot%E2%80%93future_parity,standard,"Upper F equals, upper S, times e raised to the power of, open parenthesis, r plus y minus q minus u, close parenthesis, upper T.","<prosody rate=""medium"">Upper F equals,<break time=""250ms""/> upper S,<break time=""200ms""/> times e raised to the power of,<break time=""250ms""/> <emphasis>open parenthesis</emphasis>,<break time=""150ms""/> r plus y minus q minus u,<break time=""150ms""/> <emphasis>close parenthesis</emphasis>,<break time=""200ms""/> upper T.</prosody>",1,8,10,study1_r1,10A,5,"It was a little bit too fast to get it immediately, I really had to listen 3 times",4,4,4,,2026/06/17 12:33:08 PM OESZ,5,3,2,2,1,Male,35-44,Germany,Doctorate / PhD (or comparable university degree),Physics;Computer Science,"Advanced university mathematics (proofs, abstract algebra, advanced calculus, etc.)",Advanced (C1),Desktop computer,Earbuds,10.945333333333334
9,https://en.wikipedia.org/wiki/Spot%E2%80%93future_parity|{\displaystyle F=Se^{(r+y-q-u)T}},Economics,11-20,12,{\displaystyle F=Se^{(r+y-q-u)T}},https://en.wikipedia.org/wiki/Spot%E2%80%93future_parity,standard,"Upper F equals, upper S, times e raised to the power of, open parenthesis, r plus y minus q minus u, close parenthesis, upper T.","<prosody rate=""medium"">Upper F equals,<break time=""250ms""/> upper S,<break time=""200ms""/> times e raised to the power of,<break time=""250ms""/> <emphasis>open parenthesis</emphasis>,<break time=""150ms""/> r plus y minus q minus u,<break time=""150ms""/> <emphasis>close parenthesis</emphasis>,<break time=""200ms""/> upper T.</prosody>",1,8,10,study1_r2,10A,4,"Brackets and grouping (e.g. ""(..)"" or ""{..}"")",3,4,3,,2026/06/26 5:07:04 PM OESZ,5,5,5,5,3,Female,55-64,Germany,Master's Degree (or comparable university degree),Social Sciences;Humanities and Languages,"Secondary school mathematics (functions, logarithms, trigonometry)",Intermediate (B1-B2),Tablet,"Built-in speakers (in smartphone, notebook, tablet, etc.)",10.945333333333334
9,https://en.wikipedia.org/wiki/Spot%E2%80%93future_parity|{\displaystyle F=Se^{(r+y-q-u)T}},Economics,11-20,12,{\displaystyle F=Se^{(r+y-q-u)T}},https://en.wikipedia.org/wiki/Spot%E2%80%93future_parity,standard,"Upper F equals, upper S, times e raised to the power of, open parenthesis, r plus y minus q minus u, close parenthesis, upper T.","<prosody rate=""medium"">Upper F equals,<break time=""250ms""/> upper S,<break time=""200ms""/> times e raised to the power of,<break time=""250ms""/> <emphasis>open parenthesis</emphasis>,<break time=""150ms""/> r plus y minus q minus u,<break time=""150ms""/> <emphasis>close parenthesis</emphasis>,<break time=""200ms""/> upper T.</prosody>",1,8,10,study1_r3,10A,4,Superscripts and exponents,4,4,4,,2026/06/30 6:35:48 PM OESZ,4,4,4,4,4,Female,55-64,Germany,Bachelor's Degree (or comparable university degree),Economics,"Undergraduate-level mathematics (calculus, matrices, vectors, statistics)",Advanced (C1),Smartphone,"Built-in speakers (in smartphone, notebook, tablet, etc.)",10.945333333333334
9,https://en.wikipedia.org/wiki/Spot%E2%80%93future_parity|{\displaystyle F=Se^{(r+y-q-u)T}},Economics,11-20,12,{\displaystyle F=Se^{(r+y-q-u)T}},https://en.wikipedia.org/wiki/Spot%E2%80%93future_parity,standard,"Upper F equals, upper S, times e raised to the power of, open parenthesis, r plus y minus q minus u, close parenthesis, upper T.","<prosody rate=""medium"">Upper F equals,<break time=""250ms""/> upper S,<break time=""200ms""/> times e raised to the power of,<break time=""250ms""/> <emphasis>open parenthesis</emphasis>,<break time=""150ms""/> r plus y minus q minus u,<break time=""150ms""/> <emphasis>close parenthesis</emphasis>,<break time=""200ms""/> upper T.</prosody>",1,8,10,study1_r4,10A,3,Variable names;Capitalization,4,4,4,,2026/07/03 12:16:41 PM OESZ,2,2,2,4,2,Female,45-54,Germany,Doctorate / PhD (or comparable university degree),Mathematics;Statistics;Economics;Computer Science;Health Sciences,"Advanced university mathematics (proofs, abstract algebra, advanced calculus, etc.)",Advanced (C1),Desktop computer,"Built-in speakers (in smartphone, notebook, tablet, etc.)",10.945333333333334
9,https://en.wikipedia.org/wiki/Spot%E2%80%93future_parity|{\displaystyle F=Se^{(r+y-q-u)T}},Economics,11-20,12,{\displaystyle F=Se^{(r+y-q-u)T}},https://en.wikipedia.org/wiki/Spot%E2%80%93future_parity,standard,"Upper F equals, upper S, times e raised to the power of, open parenthesis, r plus y minus q minus u, close parenthesis, upper T.","<prosody rate=""medium"">Upper F equals,<break time=""250ms""/> upper S,<break time=""200ms""/> times e raised to the power of,<break time=""250ms""/> <emphasis>open parenthesis</emphasis>,<break time=""150ms""/> r plus y minus q minus u,<break time=""150ms""/> <emphasis>close parenthesis</emphasis>,<break time=""200ms""/> upper T.</prosody>",1,8,10,study1_r5,10A,2,"Brackets and grouping (e.g. ""(..)"" or ""{..}"");Superscripts and exponents",2,2,1,,2026/07/14 1:14:47 AM OESZ,4,4,4,3,3,Male,35-44,Germany,Master's Degree (or comparable university degree),Mathematics;Statistics,"Advanced university mathematics (proofs, abstract algebra, advanced calculus, etc.)",Advanced (C1),Smartphone,Earbuds,10.945333333333334
8,"http://en.wikipedia.org/wiki/McCallum_rule|m_t\,",Economics,1-10,3,"m_t\,",http://en.wikipedia.org/wiki/McCallum_rule,standard,m sub t.,"<prosody rate=""slow""><emphasis>m</emphasis><break time=""150ms""/>sub<break time=""120ms""/><emphasis>t</emphasis>.</prosody>",1,9,9,study1_r1,9A,4,Capitalization,3,3,3,,2026/06/17 12:33:08 PM OESZ,5,3,2,2,1,Male,35-44,Germany,Doctorate / PhD (or comparable university degree),Physics;Computer Science,"Advanced university mathematics (proofs, abstract algebra, advanced calculus, etc.)",Advanced (C1),Desktop computer,Earbuds,2.56
8,"http://en.wikipedia.org/wiki/McCallum_rule|m_t\,",Economics,1-10,3,"m_t\,",http://en.wikipedia.org/wiki/McCallum_rule,standard,m sub t.,"<prosody rate=""slow""><emphasis>m</emphasis><break time=""150ms""/>sub<break time=""120ms""/><emphasis>t</emphasis>.</prosody>",1,9,9,study1_r2,9A,5,Nothing was difficult,4,4,4,,2026/06/26 5:07:04 PM OESZ,5,5,5,5,3,Female,55-64,Germany,Master's Degree (or comparable university degree),Social Sciences;Humanities and Languages,"Secondary school mathematics (functions, logarithms, trigonometry)",Intermediate (B1-B2),Tablet,"Built-in speakers (in smartphone, notebook, tablet, etc.)",2.56
8,"http://en.wikipedia.org/wiki/McCallum_rule|m_t\,",Economics,1-10,3,"m_t\,",http://en.wikipedia.org/wiki/McCallum_rule,standard,m sub t.,"<prosody rate=""slow""><emphasis>m</emphasis><break time=""150ms""/>sub<break time=""120ms""/><emphasis>t</emphasis>.</prosody>",1,9,9,study1_r3,9A,5,Nothing was difficult,5,5,5,,2026/06/30 6:35:48 PM OESZ,4,4,4,4,4,Female,55-64,Germany,Bachelor's Degree (or comparable university degree),Economics,"Undergraduate-level mathematics (calculus, matrices, vectors, statistics)",Advanced (C1),Smartphone,"Built-in speakers (in smartphone, notebook, tablet, etc.)",2.56
8,"http://en.wikipedia.org/wiki/McCallum_rule|m_t\,",Economics,1-10,3,"m_t\,",http://en.wikipedia.org/wiki/McCallum_rule,standard,m sub t.,"<prosody rate=""slow""><emphasis>m</emphasis><break time=""150ms""/>sub<break time=""120ms""/><emphasis>t</emphasis>.</prosody>",1,9,9,study1_r4,9A,5,Nothing was difficult,5,5,5,,2026/07/03 12:16:41 PM OESZ,2,2,2,4,2,Female,45-54,Germany,Doctorate / PhD (or comparable university degree),Mathematics;Statistics;Economics;Computer Science;Health Sciences,"Advanced university mathematics (proofs, abstract algebra, advanced calculus, etc.)",Advanced (C1),Desktop computer,"Built-in speakers (in smartphone, notebook, tablet, etc.)",2.56
8,"http://en.wikipedia.org/wiki/McCallum_rule|m_t\,",Economics,1-10,3,"m_t\,",http://en.wikipedia.org/wiki/McCallum_rule,standard,m sub t.,"<prosody rate=""slow""><emphasis>m</emphasis><break time=""150ms""/>sub<break time=""120ms""/><emphasis>t</emphasis>.</prosody>",1,9,9,study1_r5,9A,5,Nothing was difficult,5,5,5,,2026/07/14 1:14:47 AM OESZ,4,4,4,3,3,Male,35-44,Germany,Master's Degree (or comparable university degree),Mathematics;Statistics,"Advanced university mathematics (proofs, abstract algebra, advanced calculus, etc.)",Advanced (C1),Smartphone,Earbuds,2.56
28,https://en.wikipedia.org/wiki/Pairwise_sorting_network|{\displaystyle (\log n)(\log n+1)/2},Computer Science,1-10,10,{\displaystyle (\log n)(\log n+1)/2},https://en.wikipedia.org/wiki/Pairwise_sorting_network,extended,"For the pairwise sorting network, the depth is, open parenthesis, log of lowercase n, close parenthesis, times, open parenthesis, log of lowercase n plus one, close parenthesis, all divided by two.","<prosody rate=""slow"">For the pairwise sorting network, the depth is,<break time=""250ms""/> open parenthesis,<break time=""150ms""/> <emphasis>log of lowercase n</emphasis>,<break time=""150ms""/> close parenthesis,<break time=""200ms""/> times,<break time=""200ms""/> open parenthesis,<break time=""150ms""/> <emphasis>log of lowercase n plus one</emphasis>,<break time=""150ms""/> close parenthesis,<break time=""250ms""/> all divided by two.</prosody>",1,10,5,study1_r1,5B,2,"Latin letters;Variable names;I did not understand ""n"" and ""n+1"" as arguments of the log, I guessed it to be something like k_...",2,2,2,2.0,2026/06/17 12:33:08 PM OESZ,5,3,2,2,1,Male,35-44,Germany,Doctorate / PhD (or comparable university degree),Physics;Computer Science,"Advanced university mathematics (proofs, abstract algebra, advanced calculus, etc.)",Advanced (C1),Desktop computer,Earbuds,18.991
28,https://en.wikipedia.org/wiki/Pairwise_sorting_network|{\displaystyle (\log n)(\log n+1)/2},Computer Science,1-10,10,{\displaystyle (\log n)(\log n+1)/2},https://en.wikipedia.org/wiki/Pairwise_sorting_network,extended,"For the pairwise sorting network, the depth is, open parenthesis, log of lowercase n, close parenthesis, times, open parenthesis, log of lowercase n plus one, close parenthesis, all divided by two.","<prosody rate=""slow"">For the pairwise sorting network, the depth is,<break time=""250ms""/> open parenthesis,<break time=""150ms""/> <emphasis>log of lowercase n</emphasis>,<break time=""150ms""/> close parenthesis,<break time=""200ms""/> times,<break time=""200ms""/> open parenthesis,<break time=""150ms""/> <emphasis>log of lowercase n plus one</emphasis>,<break time=""150ms""/> close parenthesis,<break time=""250ms""/> all divided by two.</prosody>",1,10,5,study1_r2,5B,3,"Brackets and grouping (e.g. ""(..)"" or ""{..}"")",3,3,3,3.0,2026/06/26 5:07:04 PM OESZ,5,5,5,5,3,Female,55-64,Germany,Master's Degree (or comparable university degree),Social Sciences;Humanities and Languages,"Secondary school mathematics (functions, logarithms, trigonometry)",Intermediate (B1-B2),Tablet,"Built-in speakers (in smartphone, notebook, tablet, etc.)",18.991
28,https://en.wikipedia.org/wiki/Pairwise_sorting_network|{\displaystyle (\log n)(\log n+1)/2},Computer Science,1-10,10,{\displaystyle (\log n)(\log n+1)/2},https://en.wikipedia.org/wiki/Pairwise_sorting_network,extended,"For the pairwise sorting network, the depth is, open parenthesis, log of lowercase n, close parenthesis, times, open parenthesis, log of lowercase n plus one, close parenthesis, all divided by two.","<prosody rate=""slow"">For the pairwise sorting network, the depth is,<break time=""250ms""/> open parenthesis,<break time=""150ms""/> <emphasis>log of lowercase n</emphasis>,<break time=""150ms""/> close parenthesis,<break time=""200ms""/> times,<break time=""200ms""/> open parenthesis,<break time=""150ms""/> <emphasis>log of lowercase n plus one</emphasis>,<break time=""150ms""/> close parenthesis,<break time=""250ms""/> all divided by two.</prosody>",1,10,5,study1_r3,5B,3,"Brackets and grouping (e.g. ""(..)"" or ""{..}"")",4,4,3,4.0,2026/06/30 6:35:48 PM OESZ,4,4,4,4,4,Female,55-64,Germany,Bachelor's Degree (or comparable university degree),Economics,"Undergraduate-level mathematics (calculus, matrices, vectors, statistics)",Advanced (C1),Smartphone,"Built-in speakers (in smartphone, notebook, tablet, etc.)",18.991
28,https://en.wikipedia.org/wiki/Pairwise_sorting_network|{\displaystyle (\log n)(\log n+1)/2},Computer Science,1-10,10,{\displaystyle (\log n)(\log n+1)/2},https://en.wikipedia.org/wiki/Pairwise_sorting_network,extended,"For the pairwise sorting network, the depth is, open parenthesis, log of lowercase n, close parenthesis, times, open parenthesis, log of lowercase n plus one, close parenthesis, all divided by two.","<prosody rate=""slow"">For the pairwise sorting network, the depth is,<break time=""250ms""/> open parenthesis,<break time=""150ms""/> <emphasis>log of lowercase n</emphasis>,<break time=""150ms""/> close parenthesis,<break time=""200ms""/> times,<break time=""200ms""/> open parenthesis,<break time=""150ms""/> <emphasis>log of lowercase n plus one</emphasis>,<break time=""150ms""/> close parenthesis,<break time=""250ms""/> all divided by two.</prosody>",1,10,5,study1_r4,5B,4,"Brackets and grouping (e.g. ""(..)"" or ""{..}"")",5,5,5,5.0,2026/07/03 12:16:41 PM OESZ,2,2,2,4,2,Female,45-54,Germany,Doctorate / PhD (or comparable university degree),Mathematics;Statistics;Economics;Computer Science;Health Sciences,"Advanced university mathematics (proofs, abstract algebra, advanced calculus, etc.)",Advanced (C1),Desktop computer,"Built-in speakers (in smartphone, notebook, tablet, etc.)",18.991
28,https://en.wikipedia.org/wiki/Pairwise_sorting_network|{\displaystyle (\log n)(\log n+1)/2},Computer Science,1-10,10,{\displaystyle (\log n)(\log n+1)/2},https://en.wikipedia.org/wiki/Pairwise_sorting_network,extended,"For the pairwise sorting network, the depth is, open parenthesis, log of lowercase n, close parenthesis, times, open parenthesis, log of lowercase n plus one, close parenthesis, all divided by two.","<prosody rate=""slow"">For the pairwise sorting network, the depth is,<break time=""250ms""/> open parenthesis,<break time=""150ms""/> <emphasis>log of lowercase n</emphasis>,<break time=""150ms""/> close parenthesis,<break time=""200ms""/> times,<break time=""200ms""/> open parenthesis,<break time=""150ms""/> <emphasis>log of lowercase n plus one</emphasis>,<break time=""150ms""/> close parenthesis,<break time=""250ms""/> all divided by two.</prosody>",1,10,5,study1_r5,5B,4,"Brackets and grouping (e.g. ""(..)"" or ""{..}"")",4,4,4,3.0,2026/07/14 1:14:47 AM OESZ,4,4,4,3,3,Male,35-44,Germany,Master's Degree (or comparable university degree),Mathematics;Statistics,"Advanced university mathematics (proofs, abstract algebra, advanced calculus, etc.)",Advanced (C1),Smartphone,Earbuds,18.991
27,https://en.wikipedia.org/wiki/Delta-O-18|{\displaystyle \delta ^{18}O={\Biggl (}{\frac {{\bigl (}{\frac {^{18}O}{^{16}O}}{\bigr )}_{sample}}{{\bigl (}{\frac {^{18}O}{^{16}O}}{\bigr )}_{standard}}}-1{\Biggr )}*1000\ ^{o}\!/\!_{oo}},Chemistry,31-40,34,{\displaystyle \delta ^{18}O={\Biggl (}{\frac {{\bigl (}{\frac {^{18}O}{^{16}O}}{\bigr )}_{sample}}{{\bigl (}{\frac {^{18}O}{^{16}O}}{\bigr )}_{standard}}}-1{\Biggr )}*1000\ ^{o}\!/\!_{oo}},https://en.wikipedia.org/wiki/Delta-O-18,extended,"delta superscript eighteen, upper O, equals, open parenthesis, the fraction with numerator, open parenthesis, superscript eighteen, upper O, over, superscript sixteen, upper O, close parenthesis, subscript sample, and denominator, open parenthesis, superscript eighteen, upper O, over, superscript sixteen, upper O, close parenthesis, subscript standard, close fraction, minus one, close parenthesis, multiplied by one thousand, per mil, where the standard has a known isotopic composition.","<prosody rate=""slow"">delta superscript eighteen, <emphasis>upper O</emphasis>, equals, <break time=""250ms""/> open parenthesis, <break time=""200ms""/> the fraction with numerator, <break time=""200ms""/> open parenthesis, superscript eighteen, upper O, <break time=""150ms""/> over, <break time=""150ms""/> superscript sixteen, upper O, close parenthesis, <break time=""150ms""/> subscript sample, <break time=""250ms""/> and denominator, <break time=""200ms""/> open parenthesis, superscript eighteen, upper O, <break time=""150ms""/> over, <break time=""150ms""/> superscript sixteen, upper O, close parenthesis, <break time=""150ms""/> subscript standard, <break time=""250ms""/> close fraction, <break time=""200ms""/> minus one, <break time=""250ms""/> close parenthesis, <break time=""200ms""/> multiplied by <emphasis>one thousand</emphasis>, <break time=""150ms""/> per mil, <break time=""250ms""/> where the standard has a known isotopic composition.</prosody>",1,11,4,study1_r1,4B,2,Fractions and divisions structures;Superscripts and exponents;Subscripts and indices,3,3,3,3.0,2026/06/17 12:33:08 PM OESZ,5,3,2,2,1,Male,35-44,Germany,Doctorate / PhD (or comparable university degree),Physics;Computer Science,"Advanced university mathematics (proofs, abstract algebra, advanced calculus, etc.)",Advanced (C1),Desktop computer,Earbuds,44.22533333333333
27,https://en.wikipedia.org/wiki/Delta-O-18|{\displaystyle \delta ^{18}O={\Biggl (}{\frac {{\bigl (}{\frac {^{18}O}{^{16}O}}{\bigr )}_{sample}}{{\bigl (}{\frac {^{18}O}{^{16}O}}{\bigr )}_{standard}}}-1{\Biggr )}*1000\ ^{o}\!/\!_{oo}},Chemistry,31-40,34,{\displaystyle \delta ^{18}O={\Biggl (}{\frac {{\bigl (}{\frac {^{18}O}{^{16}O}}{\bigr )}_{sample}}{{\bigl (}{\frac {^{18}O}{^{16}O}}{\bigr )}_{standard}}}-1{\Biggr )}*1000\ ^{o}\!/\!_{oo}},https://en.wikipedia.org/wiki/Delta-O-18,extended,"delta superscript eighteen, upper O, equals, open parenthesis, the fraction with numerator, open parenthesis, superscript eighteen, upper O, over, superscript sixteen, upper O, close parenthesis, subscript sample, and denominator, open parenthesis, superscript eighteen, upper O, over, superscript sixteen, upper O, close parenthesis, subscript standard, close fraction, minus one, close parenthesis, multiplied by one thousand, per mil, where the standard has a known isotopic composition.","<prosody rate=""slow"">delta superscript eighteen, <emphasis>upper O</emphasis>, equals, <break time=""250ms""/> open parenthesis, <break time=""200ms""/> the fraction with numerator, <break time=""200ms""/> open parenthesis, superscript eighteen, upper O, <break time=""150ms""/> over, <break time=""150ms""/> superscript sixteen, upper O, close parenthesis, <break time=""150ms""/> subscript sample, <break time=""250ms""/> and denominator, <break time=""200ms""/> open parenthesis, superscript eighteen, upper O, <break time=""150ms""/> over, <break time=""150ms""/> superscript sixteen, upper O, close parenthesis, <break time=""150ms""/> subscript standard, <break time=""250ms""/> close fraction, <break time=""200ms""/> minus one, <break time=""250ms""/> close parenthesis, <break time=""200ms""/> multiplied by <emphasis>one thousand</emphasis>, <break time=""150ms""/> per mil, <break time=""250ms""/> where the standard has a known isotopic composition.</prosody>",1,11,4,study1_r2,4B,3,"Brackets and grouping (e.g. ""(..)"" or ""{..}"")",4,3,3,2.0,2026/06/26 5:07:04 PM OESZ,5,5,5,5,3,Female,55-64,Germany,Master's Degree (or comparable university degree),Social Sciences;Humanities and Languages,"Secondary school mathematics (functions, logarithms, trigonometry)",Intermediate (B1-B2),Tablet,"Built-in speakers (in smartphone, notebook, tablet, etc.)",44.22533333333333
27,https://en.wikipedia.org/wiki/Delta-O-18|{\displaystyle \delta ^{18}O={\Biggl (}{\frac {{\bigl (}{\frac {^{18}O}{^{16}O}}{\bigr )}_{sample}}{{\bigl (}{\frac {^{18}O}{^{16}O}}{\bigr )}_{standard}}}-1{\Biggr )}*1000\ ^{o}\!/\!_{oo}},Chemistry,31-40,34,{\displaystyle \delta ^{18}O={\Biggl (}{\frac {{\bigl (}{\frac {^{18}O}{^{16}O}}{\bigr )}_{sample}}{{\bigl (}{\frac {^{18}O}{^{16}O}}{\bigr )}_{standard}}}-1{\Biggr )}*1000\ ^{o}\!/\!_{oo}},https://en.wikipedia.org/wiki/Delta-O-18,extended,"delta superscript eighteen, upper O, equals, open parenthesis, the fraction with numerator, open parenthesis, superscript eighteen, upper O, over, superscript sixteen, upper O, close parenthesis, subscript sample, and denominator, open parenthesis, superscript eighteen, upper O, over, superscript sixteen, upper O, close parenthesis, subscript standard, close fraction, minus one, close parenthesis, multiplied by one thousand, per mil, where the standard has a known isotopic composition.","<prosody rate=""slow"">delta superscript eighteen, <emphasis>upper O</emphasis>, equals, <break time=""250ms""/> open parenthesis, <break time=""200ms""/> the fraction with numerator, <break time=""200ms""/> open parenthesis, superscript eighteen, upper O, <break time=""150ms""/> over, <break time=""150ms""/> superscript sixteen, upper O, close parenthesis, <break time=""150ms""/> subscript sample, <break time=""250ms""/> and denominator, <break time=""200ms""/> open parenthesis, superscript eighteen, upper O, <break time=""150ms""/> over, <break time=""150ms""/> superscript sixteen, upper O, close parenthesis, <break time=""150ms""/> subscript standard, <break time=""250ms""/> close fraction, <break time=""200ms""/> minus one, <break time=""250ms""/> close parenthesis, <break time=""200ms""/> multiplied by <emphasis>one thousand</emphasis>, <break time=""150ms""/> per mil, <break time=""250ms""/> where the standard has a known isotopic composition.</prosody>",1,11,4,study1_r3,4B,3,Greek letters,2,3,3,2.0,2026/06/30 6:35:48 PM OESZ,4,4,4,4,4,Female,55-64,Germany,Bachelor's Degree (or comparable university degree),Economics,"Undergraduate-level mathematics (calculus, matrices, vectors, statistics)",Advanced (C1),Smartphone,"Built-in speakers (in smartphone, notebook, tablet, etc.)",44.22533333333333
27,https://en.wikipedia.org/wiki/Delta-O-18|{\displaystyle \delta ^{18}O={\Biggl (}{\frac {{\bigl (}{\frac {^{18}O}{^{16}O}}{\bigr )}_{sample}}{{\bigl (}{\frac {^{18}O}{^{16}O}}{\bigr )}_{standard}}}-1{\Biggr )}*1000\ ^{o}\!/\!_{oo}},Chemistry,31-40,34,{\displaystyle \delta ^{18}O={\Biggl (}{\frac {{\bigl (}{\frac {^{18}O}{^{16}O}}{\bigr )}_{sample}}{{\bigl (}{\frac {^{18}O}{^{16}O}}{\bigr )}_{standard}}}-1{\Biggr )}*1000\ ^{o}\!/\!_{oo}},https://en.wikipedia.org/wiki/Delta-O-18,extended,"delta superscript eighteen, upper O, equals, open parenthesis, the fraction with numerator, open parenthesis, superscript eighteen, upper O, over, superscript sixteen, upper O, close parenthesis, subscript sample, and denominator, open parenthesis, superscript eighteen, upper O, over, superscript sixteen, upper O, close parenthesis, subscript standard, close fraction, minus one, close parenthesis, multiplied by one thousand, per mil, where the standard has a known isotopic composition.","<prosody rate=""slow"">delta superscript eighteen, <emphasis>upper O</emphasis>, equals, <break time=""250ms""/> open parenthesis, <break time=""200ms""/> the fraction with numerator, <break time=""200ms""/> open parenthesis, superscript eighteen, upper O, <break time=""150ms""/> over, <break time=""150ms""/> superscript sixteen, upper O, close parenthesis, <break time=""150ms""/> subscript sample, <break time=""250ms""/> and denominator, <break time=""200ms""/> open parenthesis, superscript eighteen, upper O, <break time=""150ms""/> over, <break time=""150ms""/> superscript sixteen, upper O, close parenthesis, <break time=""150ms""/> subscript standard, <break time=""250ms""/> close fraction, <break time=""200ms""/> minus one, <break time=""250ms""/> close parenthesis, <break time=""200ms""/> multiplied by <emphasis>one thousand</emphasis>, <break time=""150ms""/> per mil, <break time=""250ms""/> where the standard has a known isotopic composition.</prosody>",1,11,4,study1_r4,4B,1,"Brackets and grouping (e.g. ""(..)"" or ""{..}"");Fractions and divisions structures;Superscripts and exponents;Mathematical symbols and operators (e.g. ""+"", ""-"", sum or integral);Greek letters",4,4,4,4.0,2026/07/03 12:16:41 PM OESZ,2,2,2,4,2,Female,45-54,Germany,Doctorate / PhD (or comparable university degree),Mathematics;Statistics;Economics;Computer Science;Health Sciences,"Advanced university mathematics (proofs, abstract algebra, advanced calculus, etc.)",Advanced (C1),Desktop computer,"Built-in speakers (in smartphone, notebook, tablet, etc.)",44.22533333333333
27,https://en.wikipedia.org/wiki/Delta-O-18|{\displaystyle \delta ^{18}O={\Biggl (}{\frac {{\bigl (}{\frac {^{18}O}{^{16}O}}{\bigr )}_{sample}}{{\bigl (}{\frac {^{18}O}{^{16}O}}{\bigr )}_{standard}}}-1{\Biggr )}*1000\ ^{o}\!/\!_{oo}},Chemistry,31-40,34,{\displaystyle \delta ^{18}O={\Biggl (}{\frac {{\bigl (}{\frac {^{18}O}{^{16}O}}{\bigr )}_{sample}}{{\bigl (}{\frac {^{18}O}{^{16}O}}{\bigr )}_{standard}}}-1{\Biggr )}*1000\ ^{o}\!/\!_{oo}},https://en.wikipedia.org/wiki/Delta-O-18,extended,"delta superscript eighteen, upper O, equals, open parenthesis, the fraction with numerator, open parenthesis, superscript eighteen, upper O, over, superscript sixteen, upper O, close parenthesis, subscript sample, and denominator, open parenthesis, superscript eighteen, upper O, over, superscript sixteen, upper O, close parenthesis, subscript standard, close fraction, minus one, close parenthesis, multiplied by one thousand, per mil, where the standard has a known isotopic composition.","<prosody rate=""slow"">delta superscript eighteen, <emphasis>upper O</emphasis>, equals, <break time=""250ms""/> open parenthesis, <break time=""200ms""/> the fraction with numerator, <break time=""200ms""/> open parenthesis, superscript eighteen, upper O, <break time=""150ms""/> over, <break time=""150ms""/> superscript sixteen, upper O, close parenthesis, <break time=""150ms""/> subscript sample, <break time=""250ms""/> and denominator, <break time=""200ms""/> open parenthesis, superscript eighteen, upper O, <break time=""150ms""/> over, <break time=""150ms""/> superscript sixteen, upper O, close parenthesis, <break time=""150ms""/> subscript standard, <break time=""250ms""/> close fraction, <break time=""200ms""/> minus one, <break time=""250ms""/> close parenthesis, <break time=""200ms""/> multiplied by <emphasis>one thousand</emphasis>, <break time=""150ms""/> per mil, <break time=""250ms""/> where the standard has a known isotopic composition.</prosody>",1,11,4,study1_r5,4B,3,Superscripts and exponents;Subscripts and indices,4,4,4,2.0,2026/07/14 1:14:47 AM OESZ,4,4,4,3,3,Male,35-44,Germany,Master's Degree (or comparable university degree),Mathematics;Statistics,"Advanced university mathematics (proofs, abstract algebra, advanced calculus, etc.)",Advanced (C1),Smartphone,Earbuds,44.22533333333333
6,"http://en.wikipedia.org/wiki/Combined_Linear_Congruential_Generator|Z_i= \left( \sum_{j=1}^k W_{i,j} \right) \pmod {(m_1-1)}",Computer Science,21-30,25,"Z_i= \left( \sum_{j=1}^k W_{i,j} \right) \pmod {(m_1-1)}",http://en.wikipedia.org/wiki/Combined_Linear_Congruential_Generator,standard,"Capital Z subscript i, equals, left parenthesis, sum from j equals one to k of capital W subscript i comma j, right parenthesis, p mod, left parenthesis, m subscript one, minus one, right parenthesis.","<prosody rate=""slow"">Capital Z subscript i, <break time=""200ms""/> equals, <break time=""250ms""/> left parenthesis, <break time=""200ms""/> <emphasis>sum from j equals one to k</emphasis> of <break time=""150ms""/> Capital W subscript i comma j, <break time=""200ms""/> right parenthesis, <break time=""250ms""/> <emphasis>p mod</emphasis>, <break time=""200ms""/> left parenthesis, <break time=""150ms""/> m subscript one, <break time=""150ms""/> minus one, <break time=""150ms""/> right parenthesis.</prosody>",1,12,7,study1_r1,7A,4,"Brackets and grouping (e.g. ""(..)"" or ""{..}"");Subscripts and indices;Capitalization;Punctuation and separators",4,3,5,,2026/06/17 12:33:08 PM OESZ,5,3,2,2,1,Male,35-44,Germany,Doctorate / PhD (or comparable university degree),Physics;Computer Science,"Advanced university mathematics (proofs, abstract algebra, advanced calculus, etc.)",Advanced (C1),Desktop computer,Earbuds,20.898
6,"http://en.wikipedia.org/wiki/Combined_Linear_Congruential_Generator|Z_i= \left( \sum_{j=1}^k W_{i,j} \right) \pmod {(m_1-1)}",Computer Science,21-30,25,"Z_i= \left( \sum_{j=1}^k W_{i,j} \right) \pmod {(m_1-1)}",http://en.wikipedia.org/wiki/Combined_Linear_Congruential_Generator,standard,"Capital Z subscript i, equals, left parenthesis, sum from j equals one to k of capital W subscript i comma j, right parenthesis, p mod, left parenthesis, m subscript one, minus one, right parenthesis.","<prosody rate=""slow"">Capital Z subscript i, <break time=""200ms""/> equals, <break time=""250ms""/> left parenthesis, <break time=""200ms""/> <emphasis>sum from j equals one to k</emphasis> of <break time=""150ms""/> Capital W subscript i comma j, <break time=""200ms""/> right parenthesis, <break time=""250ms""/> <emphasis>p mod</emphasis>, <break time=""200ms""/> left parenthesis, <break time=""150ms""/> m subscript one, <break time=""150ms""/> minus one, <break time=""150ms""/> right parenthesis.</prosody>",1,12,7,study1_r2,7A,4,Superscripts and exponents,4,4,4,,2026/06/26 5:07:04 PM OESZ,5,5,5,5,3,Female,55-64,Germany,Master's Degree (or comparable university degree),Social Sciences;Humanities and Languages,"Secondary school mathematics (functions, logarithms, trigonometry)",Intermediate (B1-B2),Tablet,"Built-in speakers (in smartphone, notebook, tablet, etc.)",20.898
6,"http://en.wikipedia.org/wiki/Combined_Linear_Congruential_Generator|Z_i= \left( \sum_{j=1}^k W_{i,j} \right) \pmod {(m_1-1)}",Computer Science,21-30,25,"Z_i= \left( \sum_{j=1}^k W_{i,j} \right) \pmod {(m_1-1)}",http://en.wikipedia.org/wiki/Combined_Linear_Congruential_Generator,standard,"Capital Z subscript i, equals, left parenthesis, sum from j equals one to k of capital W subscript i comma j, right parenthesis, p mod, left parenthesis, m subscript one, minus one, right parenthesis.","<prosody rate=""slow"">Capital Z subscript i, <break time=""200ms""/> equals, <break time=""250ms""/> left parenthesis, <break time=""200ms""/> <emphasis>sum from j equals one to k</emphasis> of <break time=""150ms""/> Capital W subscript i comma j, <break time=""200ms""/> right parenthesis, <break time=""250ms""/> <emphasis>p mod</emphasis>, <break time=""200ms""/> left parenthesis, <break time=""150ms""/> m subscript one, <break time=""150ms""/> minus one, <break time=""150ms""/> right parenthesis.</prosody>",1,12,7,study1_r3,7A,4,"Brackets and grouping (e.g. ""(..)"" or ""{..}"")",4,4,3,,2026/06/30 6:35:48 PM OESZ,4,4,4,4,4,Female,55-64,Germany,Bachelor's Degree (or comparable university degree),Economics,"Undergraduate-level mathematics (calculus, matrices, vectors, statistics)",Advanced (C1),Smartphone,"Built-in speakers (in smartphone, notebook, tablet, etc.)",20.898
6,"http://en.wikipedia.org/wiki/Combined_Linear_Congruential_Generator|Z_i= \left( \sum_{j=1}^k W_{i,j} \right) \pmod {(m_1-1)}",Computer Science,21-30,25,"Z_i= \left( \sum_{j=1}^k W_{i,j} \right) \pmod {(m_1-1)}",http://en.wikipedia.org/wiki/Combined_Linear_Congruential_Generator,standard,"Capital Z subscript i, equals, left parenthesis, sum from j equals one to k of capital W subscript i comma j, right parenthesis, p mod, left parenthesis, m subscript one, minus one, right parenthesis.","<prosody rate=""slow"">Capital Z subscript i, <break time=""200ms""/> equals, <break time=""250ms""/> left parenthesis, <break time=""200ms""/> <emphasis>sum from j equals one to k</emphasis> of <break time=""150ms""/> Capital W subscript i comma j, <break time=""200ms""/> right parenthesis, <break time=""250ms""/> <emphasis>p mod</emphasis>, <break time=""200ms""/> left parenthesis, <break time=""150ms""/> m subscript one, <break time=""150ms""/> minus one, <break time=""150ms""/> right parenthesis.</prosody>",1,12,7,study1_r4,7A,3,"Brackets and grouping (e.g. ""(..)"" or ""{..}"");Subscripts and indices",4,4,4,,2026/07/03 12:16:41 PM OESZ,2,2,2,4,2,Female,45-54,Germany,Doctorate / PhD (or comparable university degree),Mathematics;Statistics;Economics;Computer Science;Health Sciences,"Advanced university mathematics (proofs, abstract algebra, advanced calculus, etc.)",Advanced (C1),Desktop computer,"Built-in speakers (in smartphone, notebook, tablet, etc.)",20.898
6,"http://en.wikipedia.org/wiki/Combined_Linear_Congruential_Generator|Z_i= \left( \sum_{j=1}^k W_{i,j} \right) \pmod {(m_1-1)}",Computer Science,21-30,25,"Z_i= \left( \sum_{j=1}^k W_{i,j} \right) \pmod {(m_1-1)}",http://en.wikipedia.org/wiki/Combined_Linear_Congruential_Generator,standard,"Capital Z subscript i, equals, left parenthesis, sum from j equals one to k of capital W subscript i comma j, right parenthesis, p mod, left parenthesis, m subscript one, minus one, right parenthesis.","<prosody rate=""slow"">Capital Z subscript i, <break time=""200ms""/> equals, <break time=""250ms""/> left parenthesis, <break time=""200ms""/> <emphasis>sum from j equals one to k</emphasis> of <break time=""150ms""/> Capital W subscript i comma j, <break time=""200ms""/> right parenthesis, <break time=""250ms""/> <emphasis>p mod</emphasis>, <break time=""200ms""/> left parenthesis, <break time=""150ms""/> m subscript one, <break time=""150ms""/> minus one, <break time=""150ms""/> right parenthesis.</prosody>",1,12,7,study1_r5,7A,4,"Brackets and grouping (e.g. ""(..)"" or ""{..}"");Subscripts and indices;Mathematical symbols and operators (e.g. ""+"", ""-"", sum or integral);Variable names",3,4,3,,2026/07/14 1:14:47 AM OESZ,4,4,4,3,3,Male,35-44,Germany,Master's Degree (or comparable university degree),Mathematics;Statistics,"Advanced university mathematics (proofs, abstract algebra, advanced calculus, etc.)",Advanced (C1),Smartphone,Earbuds,20.898
19,https://en.wikipedia.org/wiki/Color-flavor_locking|{\displaystyle \langle \psi _{i}^{\alpha }C\gamma _{5}\psi _{j}^{\beta }\rangle \propto \delta _{i}^{\alpha }\delta _{j}^{\beta }-\delta _{j}^{\alpha }\delta _{i}^{\beta }=\epsilon ^{\alpha \beta A}\epsilon _{ijA}},Physics,31-40,35,{\displaystyle \langle \psi _{i}^{\alpha }C\gamma _{5}\psi _{j}^{\beta }\rangle \propto \delta _{i}^{\alpha }\delta _{j}^{\beta }-\delta _{j}^{\alpha }\delta _{i}^{\beta }=\epsilon ^{\alpha \beta A}\epsilon _{ijA}},https://en.wikipedia.org/wiki/Color-flavor_locking,standard,"open Angle bracket, psi sub i superscript alpha, capital C, gamma five, psi sub j superscript beta, close angle bracket, is proportional to delta sub i superscript alpha, delta sub j superscript beta, minus delta sub j superscript alpha, delta sub i superscript beta, equals epsilon superscript alpha beta capital A, epsilon subscript i j capital A.","<prosody rate=""slow"">open Angle bracket, <break time=""200ms""/> psi sub i superscript alpha, <break time=""150ms""/> capital C, <break time=""150ms""/> <emphasis>gamma five</emphasis>, <break time=""150ms""/> psi sub j superscript beta, <break time=""200ms""/> close angle bracket, <break time=""250ms""/> is proportional to <break time=""250ms""/> delta sub i superscript alpha, <break time=""150ms""/> delta sub j superscript beta, <break time=""200ms""/> minus <break time=""200ms""/> delta sub j superscript alpha, <break time=""150ms""/> delta sub i superscript beta, <break time=""250ms""/> equals <break time=""250ms""/> epsilon superscript alpha beta capital A, <break time=""150ms""/> epsilon subscript i j capital A.</prosody>",2,1,20,study2_r1,20A,2,"Brackets and grouping (e.g. ""(..)"" or ""{..}"");Superscripts and exponents;Subscripts and indices",4,3,4,,2026/06/26 7:03:35 PM OESZ,4,5,3,4,3,Male,18-24,Germany,Bachelor's Degree (or comparable university degree),Mathematics;Statistics;Economics,"Undergraduate-level mathematics (calculus, matrices, vectors, statistics)",Advanced (C1),Tablet,Earbuds,32.78366666666667
19,https://en.wikipedia.org/wiki/Color-flavor_locking|{\displaystyle \langle \psi _{i}^{\alpha }C\gamma _{5}\psi _{j}^{\beta }\rangle \propto \delta _{i}^{\alpha }\delta _{j}^{\beta }-\delta _{j}^{\alpha }\delta _{i}^{\beta }=\epsilon ^{\alpha \beta A}\epsilon _{ijA}},Physics,31-40,35,{\displaystyle \langle \psi _{i}^{\alpha }C\gamma _{5}\psi _{j}^{\beta }\rangle \propto \delta _{i}^{\alpha }\delta _{j}^{\beta }-\delta _{j}^{\alpha }\delta _{i}^{\beta }=\epsilon ^{\alpha \beta A}\epsilon _{ijA}},https://en.wikipedia.org/wiki/Color-flavor_locking,standard,"open Angle bracket, psi sub i superscript alpha, capital C, gamma five, psi sub j superscript beta, close angle bracket, is proportional to delta sub i superscript alpha, delta sub j superscript beta, minus delta sub j superscript alpha, delta sub i superscript beta, equals epsilon superscript alpha beta capital A, epsilon subscript i j capital A.","<prosody rate=""slow"">open Angle bracket, <break time=""200ms""/> psi sub i superscript alpha, <break time=""150ms""/> capital C, <break time=""150ms""/> <emphasis>gamma five</emphasis>, <break time=""150ms""/> psi sub j superscript beta, <break time=""200ms""/> close angle bracket, <break time=""250ms""/> is proportional to <break time=""250ms""/> delta sub i superscript alpha, <break time=""150ms""/> delta sub j superscript beta, <break time=""200ms""/> minus <break time=""200ms""/> delta sub j superscript alpha, <break time=""150ms""/> delta sub i superscript beta, <break time=""250ms""/> equals <break time=""250ms""/> epsilon superscript alpha beta capital A, <break time=""150ms""/> epsilon subscript i j capital A.</prosody>",2,1,20,study2_r2,20A,2,Superscripts and exponents;Subscripts and indices;Greek letters,3,2,2,,2026/07/01 12:42:36 PM OESZ,3,4,2,3,2,Male,25-34,Germany,Master's Degree (or comparable university degree),Computer Science,"Advanced university mathematics (proofs, abstract algebra, advanced calculus, etc.)",Advanced (C1),Laptop,Headphones,32.78366666666667
19,https://en.wikipedia.org/wiki/Color-flavor_locking|{\displaystyle \langle \psi _{i}^{\alpha }C\gamma _{5}\psi _{j}^{\beta }\rangle \propto \delta _{i}^{\alpha }\delta _{j}^{\beta }-\delta _{j}^{\alpha }\delta _{i}^{\beta }=\epsilon ^{\alpha \beta A}\epsilon _{ijA}},Physics,31-40,35,{\displaystyle \langle \psi _{i}^{\alpha }C\gamma _{5}\psi _{j}^{\beta }\rangle \propto \delta _{i}^{\alpha }\delta _{j}^{\beta }-\delta _{j}^{\alpha }\delta _{i}^{\beta }=\epsilon ^{\alpha \beta A}\epsilon _{ijA}},https://en.wikipedia.org/wiki/Color-flavor_locking,standard,"open Angle bracket, psi sub i superscript alpha, capital C, gamma five, psi sub j superscript beta, close angle bracket, is proportional to delta sub i superscript alpha, delta sub j superscript beta, minus delta sub j superscript alpha, delta sub i superscript beta, equals epsilon superscript alpha beta capital A, epsilon subscript i j capital A.","<prosody rate=""slow"">open Angle bracket, <break time=""200ms""/> psi sub i superscript alpha, <break time=""150ms""/> capital C, <break time=""150ms""/> <emphasis>gamma five</emphasis>, <break time=""150ms""/> psi sub j superscript beta, <break time=""200ms""/> close angle bracket, <break time=""250ms""/> is proportional to <break time=""250ms""/> delta sub i superscript alpha, <break time=""150ms""/> delta sub j superscript beta, <break time=""200ms""/> minus <break time=""200ms""/> delta sub j superscript alpha, <break time=""150ms""/> delta sub i superscript beta, <break time=""250ms""/> equals <break time=""250ms""/> epsilon superscript alpha beta capital A, <break time=""150ms""/> epsilon subscript i j capital A.</prosody>",2,1,20,study2_r3,20A,2,"Brackets and grouping (e.g. ""(..)"" or ""{..}"");Superscripts and exponents;Subscripts and indices",2,2,2,,2026/07/04 3:24:07 PM OESZ,4,5,4,4,2,Male,35-44,Germany,Master's Degree (or comparable university degree),Computer Science,"Advanced university mathematics (proofs, abstract algebra, advanced calculus, etc.)",Advanced (C1),Smartphone,Earbuds,32.78366666666667
19,https://en.wikipedia.org/wiki/Color-flavor_locking|{\displaystyle \langle \psi _{i}^{\alpha }C\gamma _{5}\psi _{j}^{\beta }\rangle \propto \delta _{i}^{\alpha }\delta _{j}^{\beta }-\delta _{j}^{\alpha }\delta _{i}^{\beta }=\epsilon ^{\alpha \beta A}\epsilon _{ijA}},Physics,31-40,35,{\displaystyle \langle \psi _{i}^{\alpha }C\gamma _{5}\psi _{j}^{\beta }\rangle \propto \delta _{i}^{\alpha }\delta _{j}^{\beta }-\delta _{j}^{\alpha }\delta _{i}^{\beta }=\epsilon ^{\alpha \beta A}\epsilon _{ijA}},https://en.wikipedia.org/wiki/Color-flavor_locking,standard,"open Angle bracket, psi sub i superscript alpha, capital C, gamma five, psi sub j superscript beta, close angle bracket, is proportional to delta sub i superscript alpha, delta sub j superscript beta, minus delta sub j superscript alpha, delta sub i superscript beta, equals epsilon superscript alpha beta capital A, epsilon subscript i j capital A.","<prosody rate=""slow"">open Angle bracket, <break time=""200ms""/> psi sub i superscript alpha, <break time=""150ms""/> capital C, <break time=""150ms""/> <emphasis>gamma five</emphasis>, <break time=""150ms""/> psi sub j superscript beta, <break time=""200ms""/> close angle bracket, <break time=""250ms""/> is proportional to <break time=""250ms""/> delta sub i superscript alpha, <break time=""150ms""/> delta sub j superscript beta, <break time=""200ms""/> minus <break time=""200ms""/> delta sub j superscript alpha, <break time=""150ms""/> delta sub i superscript beta, <break time=""250ms""/> equals <break time=""250ms""/> epsilon superscript alpha beta capital A, <break time=""150ms""/> epsilon subscript i j capital A.</prosody>",2,1,20,study2_r4,20A,2,Superscripts and exponents;Subscripts and indices;Greek letters;Capitalization,1,2,1,,2026/07/05 4:31:01 PM OESZ,4,4,3,3,2,Male,25-34,Germany,Master's Degree (or comparable university degree),Mathematics;Statistics;Computer Science,"Advanced university mathematics (proofs, abstract algebra, advanced calculus, etc.)",Advanced (C1),Laptop,External speakers,32.78366666666667
19,https://en.wikipedia.org/wiki/Color-flavor_locking|{\displaystyle \langle \psi _{i}^{\alpha }C\gamma _{5}\psi _{j}^{\beta }\rangle \propto \delta _{i}^{\alpha }\delta _{j}^{\beta }-\delta _{j}^{\alpha }\delta _{i}^{\beta }=\epsilon ^{\alpha \beta A}\epsilon _{ijA}},Physics,31-40,35,{\displaystyle \langle \psi _{i}^{\alpha }C\gamma _{5}\psi _{j}^{\beta }\rangle \propto \delta _{i}^{\alpha }\delta _{j}^{\beta }-\delta _{j}^{\alpha }\delta _{i}^{\beta }=\epsilon ^{\alpha \beta A}\epsilon _{ijA}},https://en.wikipedia.org/wiki/Color-flavor_locking,standard,"open Angle bracket, psi sub i superscript alpha, capital C, gamma five, psi sub j superscript beta, close angle bracket, is proportional to delta sub i superscript alpha, delta sub j superscript beta, minus delta sub j superscript alpha, delta sub i superscript beta, equals epsilon superscript alpha beta capital A, epsilon subscript i j capital A.","<prosody rate=""slow"">open Angle bracket, <break time=""200ms""/> psi sub i superscript alpha, <break time=""150ms""/> capital C, <break time=""150ms""/> <emphasis>gamma five</emphasis>, <break time=""150ms""/> psi sub j superscript beta, <break time=""200ms""/> close angle bracket, <break time=""250ms""/> is proportional to <break time=""250ms""/> delta sub i superscript alpha, <break time=""150ms""/> delta sub j superscript beta, <break time=""200ms""/> minus <break time=""200ms""/> delta sub j superscript alpha, <break time=""150ms""/> delta sub i superscript beta, <break time=""250ms""/> equals <break time=""250ms""/> epsilon superscript alpha beta capital A, <break time=""150ms""/> epsilon subscript i j capital A.</prosody>",2,1,20,study2_r5,20A,3,"Brackets and grouping (e.g. ""(..)"" or ""{..}"");Superscripts and exponents;Subscripts and indices",3,4,3,,2026/07/14 12:58:15 AM OESZ,4,4,3,3,3,Male,25-34,Germany,Bachelor's Degree (or comparable university degree),Computer Science,"Advanced university mathematics (proofs, abstract algebra, advanced calculus, etc.)",Intermediate (B1-B2),Desktop computer,Headphones,32.78366666666667
2,https://en.wikipedia.org/wiki/Albion_process|{\displaystyle MS_{2}+{\frac {1}{2}}O_{2}+H_{2}SO_{4}\rightarrow MSO_{4}+S^{0}+H_{2}O},Chemistry,21-30,25,{\displaystyle MS_{2}+{\frac {1}{2}}O_{2}+H_{2}SO_{4}\rightarrow MSO_{4}+S^{0}+H_{2}O},https://en.wikipedia.org/wiki/Albion_process,standard,"upper M upper S sub two, plus, one half upper O sub two, plus, upper H sub two, upper S upper O sub four, yields, shown as right arrow, upper M upper S upper O sub four, plus, upper S superscript zero, plus, upper H sub two, upper O.","<speak><prosody rate=""medium"">upper M upper S sub two,<break time=""250ms""/> plus,<break time=""250ms""/> one half upper O sub two,<break time=""250ms""/> plus,<break time=""250ms""/> upper H sub two,<break time=""200ms""/> upper S upper O sub four,<break time=""350ms""/> <emphasis>yields, shown as right arrow,</emphasis><break time=""350ms""/> upper M upper S upper O sub four,<break time=""250ms""/> plus,<break time=""250ms""/> upper S superscript zero,<break time=""250ms""/> plus,<break time=""250ms""/> upper H sub two,<break time=""200ms""/> upper O.</prosody></speak>",2,2,3,study2_r1,3A,2,Subscripts and indices;Capitalization,3,3,1,,2026/06/26 7:03:35 PM OESZ,4,5,3,4,3,Male,18-24,Germany,Bachelor's Degree (or comparable university degree),Mathematics;Statistics;Economics,"Undergraduate-level mathematics (calculus, matrices, vectors, statistics)",Advanced (C1),Tablet,Earbuds,19.826833333333333
2,https://en.wikipedia.org/wiki/Albion_process|{\displaystyle MS_{2}+{\frac {1}{2}}O_{2}+H_{2}SO_{4}\rightarrow MSO_{4}+S^{0}+H_{2}O},Chemistry,21-30,25,{\displaystyle MS_{2}+{\frac {1}{2}}O_{2}+H_{2}SO_{4}\rightarrow MSO_{4}+S^{0}+H_{2}O},https://en.wikipedia.org/wiki/Albion_process,standard,"upper M upper S sub two, plus, one half upper O sub two, plus, upper H sub two, upper S upper O sub four, yields, shown as right arrow, upper M upper S upper O sub four, plus, upper S superscript zero, plus, upper H sub two, upper O.","<speak><prosody rate=""medium"">upper M upper S sub two,<break time=""250ms""/> plus,<break time=""250ms""/> one half upper O sub two,<break time=""250ms""/> plus,<break time=""250ms""/> upper H sub two,<break time=""200ms""/> upper S upper O sub four,<break time=""350ms""/> <emphasis>yields, shown as right arrow,</emphasis><break time=""350ms""/> upper M upper S upper O sub four,<break time=""250ms""/> plus,<break time=""250ms""/> upper S superscript zero,<break time=""250ms""/> plus,<break time=""250ms""/> upper H sub two,<break time=""200ms""/> upper O.</prosody></speak>",2,2,3,study2_r2,3A,2,Arrow,2,2,1,,2026/07/01 12:42:36 PM OESZ,3,4,2,3,2,Male,25-34,Germany,Master's Degree (or comparable university degree),Computer Science,"Advanced university mathematics (proofs, abstract algebra, advanced calculus, etc.)",Advanced (C1),Laptop,Headphones,19.826833333333333
2,https://en.wikipedia.org/wiki/Albion_process|{\displaystyle MS_{2}+{\frac {1}{2}}O_{2}+H_{2}SO_{4}\rightarrow MSO_{4}+S^{0}+H_{2}O},Chemistry,21-30,25,{\displaystyle MS_{2}+{\frac {1}{2}}O_{2}+H_{2}SO_{4}\rightarrow MSO_{4}+S^{0}+H_{2}O},https://en.wikipedia.org/wiki/Albion_process,standard,"upper M upper S sub two, plus, one half upper O sub two, plus, upper H sub two, upper S upper O sub four, yields, shown as right arrow, upper M upper S upper O sub four, plus, upper S superscript zero, plus, upper H sub two, upper O.","<speak><prosody rate=""medium"">upper M upper S sub two,<break time=""250ms""/> plus,<break time=""250ms""/> one half upper O sub two,<break time=""250ms""/> plus,<break time=""250ms""/> upper H sub two,<break time=""200ms""/> upper S upper O sub four,<break time=""350ms""/> <emphasis>yields, shown as right arrow,</emphasis><break time=""350ms""/> upper M upper S upper O sub four,<break time=""250ms""/> plus,<break time=""250ms""/> upper S superscript zero,<break time=""250ms""/> plus,<break time=""250ms""/> upper H sub two,<break time=""200ms""/> upper O.</prosody></speak>",2,2,3,study2_r3,3A,3,Subscripts and indices;Capitalization,2,3,1,,2026/07/04 3:24:07 PM OESZ,4,5,4,4,2,Male,35-44,Germany,Master's Degree (or comparable university degree),Computer Science,"Advanced university mathematics (proofs, abstract algebra, advanced calculus, etc.)",Advanced (C1),Smartphone,Earbuds,19.826833333333333
2,https://en.wikipedia.org/wiki/Albion_process|{\displaystyle MS_{2}+{\frac {1}{2}}O_{2}+H_{2}SO_{4}\rightarrow MSO_{4}+S^{0}+H_{2}O},Chemistry,21-30,25,{\displaystyle MS_{2}+{\frac {1}{2}}O_{2}+H_{2}SO_{4}\rightarrow MSO_{4}+S^{0}+H_{2}O},https://en.wikipedia.org/wiki/Albion_process,standard,"upper M upper S sub two, plus, one half upper O sub two, plus, upper H sub two, upper S upper O sub four, yields, shown as right arrow, upper M upper S upper O sub four, plus, upper S superscript zero, plus, upper H sub two, upper O.","<speak><prosody rate=""medium"">upper M upper S sub two,<break time=""250ms""/> plus,<break time=""250ms""/> one half upper O sub two,<break time=""250ms""/> plus,<break time=""250ms""/> upper H sub two,<break time=""200ms""/> upper S upper O sub four,<break time=""350ms""/> <emphasis>yields, shown as right arrow,</emphasis><break time=""350ms""/> upper M upper S upper O sub four,<break time=""250ms""/> plus,<break time=""250ms""/> upper S superscript zero,<break time=""250ms""/> plus,<break time=""250ms""/> upper H sub two,<break time=""200ms""/> upper O.</prosody></speak>",2,2,3,study2_r4,3A,2,Subscripts and indices;Capitalization,2,2,1,,2026/07/05 4:31:01 PM OESZ,4,4,3,3,2,Male,25-34,Germany,Master's Degree (or comparable university degree),Mathematics;Statistics;Computer Science,"Advanced university mathematics (proofs, abstract algebra, advanced calculus, etc.)",Advanced (C1),Laptop,External speakers,19.826833333333333
2,https://en.wikipedia.org/wiki/Albion_process|{\displaystyle MS_{2}+{\frac {1}{2}}O_{2}+H_{2}SO_{4}\rightarrow MSO_{4}+S^{0}+H_{2}O},Chemistry,21-30,25,{\displaystyle MS_{2}+{\frac {1}{2}}O_{2}+H_{2}SO_{4}\rightarrow MSO_{4}+S^{0}+H_{2}O},https://en.wikipedia.org/wiki/Albion_process,standard,"upper M upper S sub two, plus, one half upper O sub two, plus, upper H sub two, upper S upper O sub four, yields, shown as right arrow, upper M upper S upper O sub four, plus, upper S superscript zero, plus, upper H sub two, upper O.","<speak><prosody rate=""medium"">upper M upper S sub two,<break time=""250ms""/> plus,<break time=""250ms""/> one half upper O sub two,<break time=""250ms""/> plus,<break time=""250ms""/> upper H sub two,<break time=""200ms""/> upper S upper O sub four,<break time=""350ms""/> <emphasis>yields, shown as right arrow,</emphasis><break time=""350ms""/> upper M upper S upper O sub four,<break time=""250ms""/> plus,<break time=""250ms""/> upper S superscript zero,<break time=""250ms""/> plus,<break time=""250ms""/> upper H sub two,<break time=""200ms""/> upper O.</prosody></speak>",2,2,3,study2_r5,3A,2,Subscripts and indices;Latin letters;Capitalization,2,3,1,,2026/07/14 12:58:15 AM OESZ,4,4,3,3,3,Male,25-34,Germany,Bachelor's Degree (or comparable university degree),Computer Science,"Advanced university mathematics (proofs, abstract algebra, advanced calculus, etc.)",Intermediate (B1-B2),Desktop computer,Headphones,19.826833333333333
46,"http://en.wikipedia.org/wiki/Frisch-Waugh-Lovell_theorem|M_{X_1} Y = M_{X_1} X_2 \beta_2 + M_{X_1} u \!,",Statistics,21-30,26,"M_{X_1} Y = M_{X_1} X_2 \beta_2 + M_{X_1} u \!,",http://en.wikipedia.org/wiki/Frisch-Waugh-Lovell_theorem,extended,"Capital M sub, capital X sub one, capital Y, equals capital M sub, capital X sub one, capital X sub two, beta sub two, plus capital M sub, capital X sub one, u, where capital M sub, capital X sub one, is the annihilator matrix that projects onto the orthogonal complement of the column space of capital X sub one.","<prosody rate=""slow"">Capital M sub, capital X sub one, capital Y, <break time=""250ms""/> equals <break time=""250ms""/> capital M sub, capital X sub one, capital X sub two, <emphasis>beta sub two</emphasis>, <break time=""250ms""/> plus <break time=""250ms""/> capital M sub, capital X sub one, <emphasis>u</emphasis>,</prosody> <break time=""350ms""/> <prosody rate=""medium"">where <emphasis>capital M sub, capital X sub one</emphasis>, is the annihilator matrix that projects onto the orthogonal complement of the column space of capital X sub one.</prosody>",2,3,23,study2_r1,23B,2,Subscripts and indices;Capitalization,3,2,2,2.0,2026/06/26 7:03:35 PM OESZ,4,5,3,4,3,Male,18-24,Germany,Bachelor's Degree (or comparable university degree),Mathematics;Statistics;Economics,"Undergraduate-level mathematics (calculus, matrices, vectors, statistics)",Advanced (C1),Tablet,Earbuds,26.9845
46,"http://en.wikipedia.org/wiki/Frisch-Waugh-Lovell_theorem|M_{X_1} Y = M_{X_1} X_2 \beta_2 + M_{X_1} u \!,",Statistics,21-30,26,"M_{X_1} Y = M_{X_1} X_2 \beta_2 + M_{X_1} u \!,",http://en.wikipedia.org/wiki/Frisch-Waugh-Lovell_theorem,extended,"Capital M sub, capital X sub one, capital Y, equals capital M sub, capital X sub one, capital X sub two, beta sub two, plus capital M sub, capital X sub one, u, where capital M sub, capital X sub one, is the annihilator matrix that projects onto the orthogonal complement of the column space of capital X sub one.","<prosody rate=""slow"">Capital M sub, capital X sub one, capital Y, <break time=""250ms""/> equals <break time=""250ms""/> capital M sub, capital X sub one, capital X sub two, <emphasis>beta sub two</emphasis>, <break time=""250ms""/> plus <break time=""250ms""/> capital M sub, capital X sub one, <emphasis>u</emphasis>,</prosody> <break time=""350ms""/> <prosody rate=""medium"">where <emphasis>capital M sub, capital X sub one</emphasis>, is the annihilator matrix that projects onto the orthogonal complement of the column space of capital X sub one.</prosody>",2,3,23,study2_r2,23B,3,Subscripts and indices;Capitalization,2,3,3,2.0,2026/07/01 12:42:36 PM OESZ,3,4,2,3,2,Male,25-34,Germany,Master's Degree (or comparable university degree),Computer Science,"Advanced university mathematics (proofs, abstract algebra, advanced calculus, etc.)",Advanced (C1),Laptop,Headphones,26.9845
46,"http://en.wikipedia.org/wiki/Frisch-Waugh-Lovell_theorem|M_{X_1} Y = M_{X_1} X_2 \beta_2 + M_{X_1} u \!,",Statistics,21-30,26,"M_{X_1} Y = M_{X_1} X_2 \beta_2 + M_{X_1} u \!,",http://en.wikipedia.org/wiki/Frisch-Waugh-Lovell_theorem,extended,"Capital M sub, capital X sub one, capital Y, equals capital M sub, capital X sub one, capital X sub two, beta sub two, plus capital M sub, capital X sub one, u, where capital M sub, capital X sub one, is the annihilator matrix that projects onto the orthogonal complement of the column space of capital X sub one.","<prosody rate=""slow"">Capital M sub, capital X sub one, capital Y, <break time=""250ms""/> equals <break time=""250ms""/> capital M sub, capital X sub one, capital X sub two, <emphasis>beta sub two</emphasis>, <break time=""250ms""/> plus <break time=""250ms""/> capital M sub, capital X sub one, <emphasis>u</emphasis>,</prosody> <break time=""350ms""/> <prosody rate=""medium"">where <emphasis>capital M sub, capital X sub one</emphasis>, is the annihilator matrix that projects onto the orthogonal complement of the column space of capital X sub one.</prosody>",2,3,23,study2_r3,23B,3,Subscripts and indices;Capitalization,2,3,2,3.0,2026/07/04 3:24:07 PM OESZ,4,5,4,4,2,Male,35-44,Germany,Master's Degree (or comparable university degree),Computer Science,"Advanced university mathematics (proofs, abstract algebra, advanced calculus, etc.)",Advanced (C1),Smartphone,Earbuds,26.9845
46,"http://en.wikipedia.org/wiki/Frisch-Waugh-Lovell_theorem|M_{X_1} Y = M_{X_1} X_2 \beta_2 + M_{X_1} u \!,",Statistics,21-30,26,"M_{X_1} Y = M_{X_1} X_2 \beta_2 + M_{X_1} u \!,",http://en.wikipedia.org/wiki/Frisch-Waugh-Lovell_theorem,extended,"Capital M sub, capital X sub one, capital Y, equals capital M sub, capital X sub one, capital X sub two, beta sub two, plus capital M sub, capital X sub one, u, where capital M sub, capital X sub one, is the annihilator matrix that projects onto the orthogonal complement of the column space of capital X sub one.","<prosody rate=""slow"">Capital M sub, capital X sub one, capital Y, <break time=""250ms""/> equals <break time=""250ms""/> capital M sub, capital X sub one, capital X sub two, <emphasis>beta sub two</emphasis>, <break time=""250ms""/> plus <break time=""250ms""/> capital M sub, capital X sub one, <emphasis>u</emphasis>,</prosody> <break time=""350ms""/> <prosody rate=""medium"">where <emphasis>capital M sub, capital X sub one</emphasis>, is the annihilator matrix that projects onto the orthogonal complement of the column space of capital X sub one.</prosody>",2,3,23,study2_r4,23B,2,Subscripts and indices;Capitalization,2,2,2,2.0,2026/07/05 4:31:01 PM OESZ,4,4,3,3,2,Male,25-34,Germany,Master's Degree (or comparable university degree),Mathematics;Statistics;Computer Science,"Advanced university mathematics (proofs, abstract algebra, advanced calculus, etc.)",Advanced (C1),Laptop,External speakers,26.9845
46,"http://en.wikipedia.org/wiki/Frisch-Waugh-Lovell_theorem|M_{X_1} Y = M_{X_1} X_2 \beta_2 + M_{X_1} u \!,",Statistics,21-30,26,"M_{X_1} Y = M_{X_1} X_2 \beta_2 + M_{X_1} u \!,",http://en.wikipedia.org/wiki/Frisch-Waugh-Lovell_theorem,extended,"Capital M sub, capital X sub one, capital Y, equals capital M sub, capital X sub one, capital X sub two, beta sub two, plus capital M sub, capital X sub one, u, where capital M sub, capital X sub one, is the annihilator matrix that projects onto the orthogonal complement of the column space of capital X sub one.","<prosody rate=""slow"">Capital M sub, capital X sub one, capital Y, <break time=""250ms""/> equals <break time=""250ms""/> capital M sub, capital X sub one, capital X sub two, <emphasis>beta sub two</emphasis>, <break time=""250ms""/> plus <break time=""250ms""/> capital M sub, capital X sub one, <emphasis>u</emphasis>,</prosody> <break time=""350ms""/> <prosody rate=""medium"">where <emphasis>capital M sub, capital X sub one</emphasis>, is the annihilator matrix that projects onto the orthogonal complement of the column space of capital X sub one.</prosody>",2,3,23,study2_r5,23B,3,Subscripts and indices;Capitalization,2,4,4,3.0,2026/07/14 12:58:15 AM OESZ,4,4,3,3,3,Male,25-34,Germany,Bachelor's Degree (or comparable university degree),Computer Science,"Advanced university mathematics (proofs, abstract algebra, advanced calculus, etc.)",Intermediate (B1-B2),Desktop computer,Headphones,26.9845
4,https://en.wikipedia.org/wiki/Pairwise_sorting_network|{\displaystyle (\log n)(\log n+1)/2},Computer Science,1-10,10,{\displaystyle (\log n)(\log n+1)/2},https://en.wikipedia.org/wiki/Pairwise_sorting_network,standard,"Open parenthesis, log n, close parenthesis, times, open parenthesis, log n plus one, close parenthesis, divided by two.","<prosody rate=""slow"">Open parenthesis,<break time=""200ms""/> <emphasis level=""moderate"">log n</emphasis>,<break time=""200ms""/> close parenthesis,<break time=""250ms""/> times,<break time=""250ms""/> open parenthesis,<break time=""200ms""/> <emphasis level=""moderate"">log n plus one</emphasis>,<break time=""200ms""/> close parenthesis,<break time=""300ms""/> divided by two.</prosody>",2,4,5,study2_r1,5A,5,Nothing was difficult,4,4,5,,2026/06/26 7:03:35 PM OESZ,4,5,3,4,3,Male,18-24,Germany,Bachelor's Degree (or comparable university degree),Mathematics;Statistics;Economics,"Undergraduate-level mathematics (calculus, matrices, vectors, statistics)",Advanced (C1),Tablet,Earbuds,13.296333333333333
4,https://en.wikipedia.org/wiki/Pairwise_sorting_network|{\displaystyle (\log n)(\log n+1)/2},Computer Science,1-10,10,{\displaystyle (\log n)(\log n+1)/2},https://en.wikipedia.org/wiki/Pairwise_sorting_network,standard,"Open parenthesis, log n, close parenthesis, times, open parenthesis, log n plus one, close parenthesis, divided by two.","<prosody rate=""slow"">Open parenthesis,<break time=""200ms""/> <emphasis level=""moderate"">log n</emphasis>,<break time=""200ms""/> close parenthesis,<break time=""250ms""/> times,<break time=""250ms""/> open parenthesis,<break time=""200ms""/> <emphasis level=""moderate"">log n plus one</emphasis>,<break time=""200ms""/> close parenthesis,<break time=""300ms""/> divided by two.</prosody>",2,4,5,study2_r2,5A,5,Nothing was difficult,5,4,5,,2026/07/01 12:42:36 PM OESZ,3,4,2,3,2,Male,25-34,Germany,Master's Degree (or comparable university degree),Computer Science,"Advanced university mathematics (proofs, abstract algebra, advanced calculus, etc.)",Advanced (C1),Laptop,Headphones,13.296333333333333
4,https://en.wikipedia.org/wiki/Pairwise_sorting_network|{\displaystyle (\log n)(\log n+1)/2},Computer Science,1-10,10,{\displaystyle (\log n)(\log n+1)/2},https://en.wikipedia.org/wiki/Pairwise_sorting_network,standard,"Open parenthesis, log n, close parenthesis, times, open parenthesis, log n plus one, close parenthesis, divided by two.","<prosody rate=""slow"">Open parenthesis,<break time=""200ms""/> <emphasis level=""moderate"">log n</emphasis>,<break time=""200ms""/> close parenthesis,<break time=""250ms""/> times,<break time=""250ms""/> open parenthesis,<break time=""200ms""/> <emphasis level=""moderate"">log n plus one</emphasis>,<break time=""200ms""/> close parenthesis,<break time=""300ms""/> divided by two.</prosody>",2,4,5,study2_r3,5A,5,Nothing was difficult,5,5,5,,2026/07/04 3:24:07 PM OESZ,4,5,4,4,2,Male,35-44,Germany,Master's Degree (or comparable university degree),Computer Science,"Advanced university mathematics (proofs, abstract algebra, advanced calculus, etc.)",Advanced (C1),Smartphone,Earbuds,13.296333333333333
4,https://en.wikipedia.org/wiki/Pairwise_sorting_network|{\displaystyle (\log n)(\log n+1)/2},Computer Science,1-10,10,{\displaystyle (\log n)(\log n+1)/2},https://en.wikipedia.org/wiki/Pairwise_sorting_network,standard,"Open parenthesis, log n, close parenthesis, times, open parenthesis, log n plus one, close parenthesis, divided by two.","<prosody rate=""slow"">Open parenthesis,<break time=""200ms""/> <emphasis level=""moderate"">log n</emphasis>,<break time=""200ms""/> close parenthesis,<break time=""250ms""/> times,<break time=""250ms""/> open parenthesis,<break time=""200ms""/> <emphasis level=""moderate"">log n plus one</emphasis>,<break time=""200ms""/> close parenthesis,<break time=""300ms""/> divided by two.</prosody>",2,4,5,study2_r4,5A,5,Nothing was difficult,5,5,5,,2026/07/05 4:31:01 PM OESZ,4,4,3,3,2,Male,25-34,Germany,Master's Degree (or comparable university degree),Mathematics;Statistics;Computer Science,"Advanced university mathematics (proofs, abstract algebra, advanced calculus, etc.)",Advanced (C1),Laptop,External speakers,13.296333333333333
4,https://en.wikipedia.org/wiki/Pairwise_sorting_network|{\displaystyle (\log n)(\log n+1)/2},Computer Science,1-10,10,{\displaystyle (\log n)(\log n+1)/2},https://en.wikipedia.org/wiki/Pairwise_sorting_network,standard,"Open parenthesis, log n, close parenthesis, times, open parenthesis, log n plus one, close parenthesis, divided by two.","<prosody rate=""slow"">Open parenthesis,<break time=""200ms""/> <emphasis level=""moderate"">log n</emphasis>,<break time=""200ms""/> close parenthesis,<break time=""250ms""/> times,<break time=""250ms""/> open parenthesis,<break time=""200ms""/> <emphasis level=""moderate"">log n plus one</emphasis>,<break time=""200ms""/> close parenthesis,<break time=""300ms""/> divided by two.</prosody>",2,4,5,study2_r5,5A,5,Nothing was difficult,5,5,5,,2026/07/14 12:58:15 AM OESZ,4,4,3,3,3,Male,25-34,Germany,Bachelor's Degree (or comparable university degree),Computer Science,"Advanced university mathematics (proofs, abstract algebra, advanced calculus, etc.)",Intermediate (B1-B2),Desktop computer,Headphones,13.296333333333333
11,"https://en.wikipedia.org/wiki/Bayesian_game|{\displaystyle S_{i}=\{s_{i}\colon T_{i}\rightarrow A_{i}\mid (s_{i}(t_{i}),t_{i})\in C_{i},\forall t_{i}\}.}",Economics,31-40,35,"{\displaystyle S_{i}=\{s_{i}\colon T_{i}\rightarrow A_{i}\mid (s_{i}(t_{i}),t_{i})\in C_{i},\forall t_{i}\}.}",https://en.wikipedia.org/wiki/Bayesian_game,standard,"Capital S subscript i, equals, open curly brace, s subscript i, colon, capital T subscript i, right arrow, capital A subscript i, vertical bar, for all t subscript i, comma, open parenthesis, s subscript i, open parenthesis, t subscript i, close parenthesis, comma, t subscript i, close parenthesis, is in capital C subscript i, close curly brace","<prosody rate=""slow"">Capital S subscript i, equals,<break time=""300ms""/> open curly brace,<break time=""250ms""/> <emphasis>s subscript i</emphasis>, colon,<break time=""200ms""/> capital T subscript i, right arrow, capital A subscript i,<break time=""250ms""/> vertical bar,<break time=""250ms""/> for all t subscript i, comma,<break time=""250ms""/> open parenthesis,<break time=""150ms""/> s subscript i, open parenthesis, t subscript i, close parenthesis,<break time=""150ms""/> comma,<break time=""150ms""/> t subscript i, close parenthesis,<break time=""250ms""/> is in capital C subscript i,<break time=""200ms""/> close curly brace</prosody>",2,5,12,study2_r1,12A,3,"Brackets and grouping (e.g. ""(..)"" or ""{..}"");Mathematical symbols and operators (e.g. ""+"", ""-"", sum or integral)",2,4,3,,2026/06/26 7:03:35 PM OESZ,4,5,3,4,3,Male,18-24,Germany,Bachelor's Degree (or comparable university degree),Mathematics;Statistics;Economics,"Undergraduate-level mathematics (calculus, matrices, vectors, statistics)",Advanced (C1),Tablet,Earbuds,34.29866666666667
11,"https://en.wikipedia.org/wiki/Bayesian_game|{\displaystyle S_{i}=\{s_{i}\colon T_{i}\rightarrow A_{i}\mid (s_{i}(t_{i}),t_{i})\in C_{i},\forall t_{i}\}.}",Economics,31-40,35,"{\displaystyle S_{i}=\{s_{i}\colon T_{i}\rightarrow A_{i}\mid (s_{i}(t_{i}),t_{i})\in C_{i},\forall t_{i}\}.}",https://en.wikipedia.org/wiki/Bayesian_game,standard,"Capital S subscript i, equals, open curly brace, s subscript i, colon, capital T subscript i, right arrow, capital A subscript i, vertical bar, for all t subscript i, comma, open parenthesis, s subscript i, open parenthesis, t subscript i, close parenthesis, comma, t subscript i, close parenthesis, is in capital C subscript i, close curly brace","<prosody rate=""slow"">Capital S subscript i, equals,<break time=""300ms""/> open curly brace,<break time=""250ms""/> <emphasis>s subscript i</emphasis>, colon,<break time=""200ms""/> capital T subscript i, right arrow, capital A subscript i,<break time=""250ms""/> vertical bar,<break time=""250ms""/> for all t subscript i, comma,<break time=""250ms""/> open parenthesis,<break time=""150ms""/> s subscript i, open parenthesis, t subscript i, close parenthesis,<break time=""150ms""/> comma,<break time=""150ms""/> t subscript i, close parenthesis,<break time=""250ms""/> is in capital C subscript i,<break time=""200ms""/> close curly brace</prosody>",2,5,12,study2_r2,12A,3,"Brackets and grouping (e.g. ""(..)"" or ""{..}"");Mathematical symbols and operators (e.g. ""+"", ""-"", sum or integral)",3,4,3,,2026/07/01 12:42:36 PM OESZ,3,4,2,3,2,Male,25-34,Germany,Master's Degree (or comparable university degree),Computer Science,"Advanced university mathematics (proofs, abstract algebra, advanced calculus, etc.)",Advanced (C1),Laptop,Headphones,34.29866666666667
11,"https://en.wikipedia.org/wiki/Bayesian_game|{\displaystyle S_{i}=\{s_{i}\colon T_{i}\rightarrow A_{i}\mid (s_{i}(t_{i}),t_{i})\in C_{i},\forall t_{i}\}.}",Economics,31-40,35,"{\displaystyle S_{i}=\{s_{i}\colon T_{i}\rightarrow A_{i}\mid (s_{i}(t_{i}),t_{i})\in C_{i},\forall t_{i}\}.}",https://en.wikipedia.org/wiki/Bayesian_game,standard,"Capital S subscript i, equals, open curly brace, s subscript i, colon, capital T subscript i, right arrow, capital A subscript i, vertical bar, for all t subscript i, comma, open parenthesis, s subscript i, open parenthesis, t subscript i, close parenthesis, comma, t subscript i, close parenthesis, is in capital C subscript i, close curly brace","<prosody rate=""slow"">Capital S subscript i, equals,<break time=""300ms""/> open curly brace,<break time=""250ms""/> <emphasis>s subscript i</emphasis>, colon,<break time=""200ms""/> capital T subscript i, right arrow, capital A subscript i,<break time=""250ms""/> vertical bar,<break time=""250ms""/> for all t subscript i, comma,<break time=""250ms""/> open parenthesis,<break time=""150ms""/> s subscript i, open parenthesis, t subscript i, close parenthesis,<break time=""150ms""/> comma,<break time=""150ms""/> t subscript i, close parenthesis,<break time=""250ms""/> is in capital C subscript i,<break time=""200ms""/> close curly brace</prosody>",2,5,12,study2_r3,12A,3,"Subscripts and indices;Mathematical symbols and operators (e.g. ""+"", ""-"", sum or integral)",3,4,2,,2026/07/04 3:24:07 PM OESZ,4,5,4,4,2,Male,35-44,Germany,Master's Degree (or comparable university degree),Computer Science,"Advanced university mathematics (proofs, abstract algebra, advanced calculus, etc.)",Advanced (C1),Smartphone,Earbuds,34.29866666666667
11,"https://en.wikipedia.org/wiki/Bayesian_game|{\displaystyle S_{i}=\{s_{i}\colon T_{i}\rightarrow A_{i}\mid (s_{i}(t_{i}),t_{i})\in C_{i},\forall t_{i}\}.}",Economics,31-40,35,"{\displaystyle S_{i}=\{s_{i}\colon T_{i}\rightarrow A_{i}\mid (s_{i}(t_{i}),t_{i})\in C_{i},\forall t_{i}\}.}",https://en.wikipedia.org/wiki/Bayesian_game,standard,"Capital S subscript i, equals, open curly brace, s subscript i, colon, capital T subscript i, right arrow, capital A subscript i, vertical bar, for all t subscript i, comma, open parenthesis, s subscript i, open parenthesis, t subscript i, close parenthesis, comma, t subscript i, close parenthesis, is in capital C subscript i, close curly brace","<prosody rate=""slow"">Capital S subscript i, equals,<break time=""300ms""/> open curly brace,<break time=""250ms""/> <emphasis>s subscript i</emphasis>, colon,<break time=""200ms""/> capital T subscript i, right arrow, capital A subscript i,<break time=""250ms""/> vertical bar,<break time=""250ms""/> for all t subscript i, comma,<break time=""250ms""/> open parenthesis,<break time=""150ms""/> s subscript i, open parenthesis, t subscript i, close parenthesis,<break time=""150ms""/> comma,<break time=""150ms""/> t subscript i, close parenthesis,<break time=""250ms""/> is in capital C subscript i,<break time=""200ms""/> close curly brace</prosody>",2,5,12,study2_r4,12A,3,"Brackets and grouping (e.g. ""(..)"" or ""{..}"");Mathematical symbols and operators (e.g. ""+"", ""-"", sum or integral);Greek letters",3,4,3,,2026/07/05 4:31:01 PM OESZ,4,4,3,3,2,Male,25-34,Germany,Master's Degree (or comparable university degree),Mathematics;Statistics;Computer Science,"Advanced university mathematics (proofs, abstract algebra, advanced calculus, etc.)",Advanced (C1),Laptop,External speakers,34.29866666666667
11,"https://en.wikipedia.org/wiki/Bayesian_game|{\displaystyle S_{i}=\{s_{i}\colon T_{i}\rightarrow A_{i}\mid (s_{i}(t_{i}),t_{i})\in C_{i},\forall t_{i}\}.}",Economics,31-40,35,"{\displaystyle S_{i}=\{s_{i}\colon T_{i}\rightarrow A_{i}\mid (s_{i}(t_{i}),t_{i})\in C_{i},\forall t_{i}\}.}",https://en.wikipedia.org/wiki/Bayesian_game,standard,"Capital S subscript i, equals, open curly brace, s subscript i, colon, capital T subscript i, right arrow, capital A subscript i, vertical bar, for all t subscript i, comma, open parenthesis, s subscript i, open parenthesis, t subscript i, close parenthesis, comma, t subscript i, close parenthesis, is in capital C subscript i, close curly brace","<prosody rate=""slow"">Capital S subscript i, equals,<break time=""300ms""/> open curly brace,<break time=""250ms""/> <emphasis>s subscript i</emphasis>, colon,<break time=""200ms""/> capital T subscript i, right arrow, capital A subscript i,<break time=""250ms""/> vertical bar,<break time=""250ms""/> for all t subscript i, comma,<break time=""250ms""/> open parenthesis,<break time=""150ms""/> s subscript i, open parenthesis, t subscript i, close parenthesis,<break time=""150ms""/> comma,<break time=""150ms""/> t subscript i, close parenthesis,<break time=""250ms""/> is in capital C subscript i,<break time=""200ms""/> close curly brace</prosody>",2,5,12,study2_r5,12A,3,"Brackets and grouping (e.g. ""(..)"" or ""{..}"");Mathematical symbols and operators (e.g. ""+"", ""-"", sum or integral);Greek letters",3,3,3,,2026/07/14 12:58:15 AM OESZ,4,4,3,3,3,Male,25-34,Germany,Bachelor's Degree (or comparable university degree),Computer Science,"Advanced university mathematics (proofs, abstract algebra, advanced calculus, etc.)",Intermediate (B1-B2),Desktop computer,Headphones,34.29866666666667
37,"https://en.wikipedia.org/wiki/Erlangen_program|{\displaystyle \mathrm {O} (n,1)/\mathrm {C} _{2},\ }",Mathematics,11-20,11,"{\displaystyle \mathrm {O} (n,1)/\mathrm {C} _{2},\ }",https://en.wikipedia.org/wiki/Erlangen_program,extended,"Capital O of, open bracket, n comma one, close bracket, slash, capital C subscript two, where capital O of n comma one denotes the orthogonal group associated with a quadratic form of signature n comma one, and capital C subscript two denotes the cyclic group of order two.","<prosody rate=""medium"">Capital O of,<break time=""250ms""/> open bracket,<break time=""200ms""/> n comma one,<break time=""200ms""/> close bracket,<break time=""300ms""/> slash,<break time=""300ms""/> <emphasis>capital C subscript two</emphasis>,<break time=""350ms""/> where <emphasis>capital O of n comma one</emphasis> denotes the orthogonal group associated with a quadratic form of signature n comma one,<break time=""300ms""/> and <emphasis>capital C subscript two</emphasis> denotes the cyclic group of order two.</prosody>",2,6,14,study2_r1,14B,4,"Brackets and grouping (e.g. ""(..)"" or ""{..}"")",4,3,2,4.0,2026/06/26 7:03:35 PM OESZ,4,5,3,4,3,Male,18-24,Germany,Bachelor's Degree (or comparable university degree),Mathematics;Statistics;Economics,"Undergraduate-level mathematics (calculus, matrices, vectors, statistics)",Advanced (C1),Tablet,Earbuds,19.565666666666665
37,"https://en.wikipedia.org/wiki/Erlangen_program|{\displaystyle \mathrm {O} (n,1)/\mathrm {C} _{2},\ }",Mathematics,11-20,11,"{\displaystyle \mathrm {O} (n,1)/\mathrm {C} _{2},\ }",https://en.wikipedia.org/wiki/Erlangen_program,extended,"Capital O of, open bracket, n comma one, close bracket, slash, capital C subscript two, where capital O of n comma one denotes the orthogonal group associated with a quadratic form of signature n comma one, and capital C subscript two denotes the cyclic group of order two.","<prosody rate=""medium"">Capital O of,<break time=""250ms""/> open bracket,<break time=""200ms""/> n comma one,<break time=""200ms""/> close bracket,<break time=""300ms""/> slash,<break time=""300ms""/> <emphasis>capital C subscript two</emphasis>,<break time=""350ms""/> where <emphasis>capital O of n comma one</emphasis> denotes the orthogonal group associated with a quadratic form of signature n comma one,<break time=""300ms""/> and <emphasis>capital C subscript two</emphasis> denotes the cyclic group of order two.</prosody>",2,6,14,study2_r2,14B,5,Nothing was difficult,4,3,2,3.0,2026/07/01 12:42:36 PM OESZ,3,4,2,3,2,Male,25-34,Germany,Master's Degree (or comparable university degree),Computer Science,"Advanced university mathematics (proofs, abstract algebra, advanced calculus, etc.)",Advanced (C1),Laptop,Headphones,19.565666666666665
37,"https://en.wikipedia.org/wiki/Erlangen_program|{\displaystyle \mathrm {O} (n,1)/\mathrm {C} _{2},\ }",Mathematics,11-20,11,"{\displaystyle \mathrm {O} (n,1)/\mathrm {C} _{2},\ }",https://en.wikipedia.org/wiki/Erlangen_program,extended,"Capital O of, open bracket, n comma one, close bracket, slash, capital C subscript two, where capital O of n comma one denotes the orthogonal group associated with a quadratic form of signature n comma one, and capital C subscript two denotes the cyclic group of order two.","<prosody rate=""medium"">Capital O of,<break time=""250ms""/> open bracket,<break time=""200ms""/> n comma one,<break time=""200ms""/> close bracket,<break time=""300ms""/> slash,<break time=""300ms""/> <emphasis>capital C subscript two</emphasis>,<break time=""350ms""/> where <emphasis>capital O of n comma one</emphasis> denotes the orthogonal group associated with a quadratic form of signature n comma one,<break time=""300ms""/> and <emphasis>capital C subscript two</emphasis> denotes the cyclic group of order two.</prosody>",2,6,14,study2_r3,14B,4,"Brackets and grouping (e.g. ""(..)"" or ""{..}"")",2,3,2,3.0,2026/07/04 3:24:07 PM OESZ,4,5,4,4,2,Male,35-44,Germany,Master's Degree (or comparable university degree),Computer Science,"Advanced university mathematics (proofs, abstract algebra, advanced calculus, etc.)",Advanced (C1),Smartphone,Earbuds,19.565666666666665
37,"https://en.wikipedia.org/wiki/Erlangen_program|{\displaystyle \mathrm {O} (n,1)/\mathrm {C} _{2},\ }",Mathematics,11-20,11,"{\displaystyle \mathrm {O} (n,1)/\mathrm {C} _{2},\ }",https://en.wikipedia.org/wiki/Erlangen_program,extended,"Capital O of, open bracket, n comma one, close bracket, slash, capital C subscript two, where capital O of n comma one denotes the orthogonal group associated with a quadratic form of signature n comma one, and capital C subscript two denotes the cyclic group of order two.","<prosody rate=""medium"">Capital O of,<break time=""250ms""/> open bracket,<break time=""200ms""/> n comma one,<break time=""200ms""/> close bracket,<break time=""300ms""/> slash,<break time=""300ms""/> <emphasis>capital C subscript two</emphasis>,<break time=""350ms""/> where <emphasis>capital O of n comma one</emphasis> denotes the orthogonal group associated with a quadratic form of signature n comma one,<break time=""300ms""/> and <emphasis>capital C subscript two</emphasis> denotes the cyclic group of order two.</prosody>",2,6,14,study2_r4,14B,4,Subscripts and indices,4,4,3,4.0,2026/07/05 4:31:01 PM OESZ,4,4,3,3,2,Male,25-34,Germany,Master's Degree (or comparable university degree),Mathematics;Statistics;Computer Science,"Advanced university mathematics (proofs, abstract algebra, advanced calculus, etc.)",Advanced (C1),Laptop,External speakers,19.565666666666665
37,"https://en.wikipedia.org/wiki/Erlangen_program|{\displaystyle \mathrm {O} (n,1)/\mathrm {C} _{2},\ }",Mathematics,11-20,11,"{\displaystyle \mathrm {O} (n,1)/\mathrm {C} _{2},\ }",https://en.wikipedia.org/wiki/Erlangen_program,extended,"Capital O of, open bracket, n comma one, close bracket, slash, capital C subscript two, where capital O of n comma one denotes the orthogonal group associated with a quadratic form of signature n comma one, and capital C subscript two denotes the cyclic group of order two.","<prosody rate=""medium"">Capital O of,<break time=""250ms""/> open bracket,<break time=""200ms""/> n comma one,<break time=""200ms""/> close bracket,<break time=""300ms""/> slash,<break time=""300ms""/> <emphasis>capital C subscript two</emphasis>,<break time=""350ms""/> where <emphasis>capital O of n comma one</emphasis> denotes the orthogonal group associated with a quadratic form of signature n comma one,<break time=""300ms""/> and <emphasis>capital C subscript two</emphasis> denotes the cyclic group of order two.</prosody>",2,6,14,study2_r5,14B,4,"Brackets and grouping (e.g. ""(..)"" or ""{..}"")",3,4,3,3.0,2026/07/14 12:58:15 AM OESZ,4,4,3,3,3,Male,25-34,Germany,Bachelor's Degree (or comparable university degree),Computer Science,"Advanced university mathematics (proofs, abstract algebra, advanced calculus, etc.)",Intermediate (B1-B2),Desktop computer,Headphones,19.565666666666665
33,https://en.wikipedia.org/wiki/Spot%E2%80%93future_parity|{\displaystyle F=Se^{(r+y-q-u)T}},Economics,11-20,12,{\displaystyle F=Se^{(r+y-q-u)T}},https://en.wikipedia.org/wiki/Spot%E2%80%93future_parity,extended,"Capital F equals, capital S, times e to the power of, open parenthesis, r plus y minus q minus u, close parenthesis, capital T, where capital F and capital S represent the futures and spot prices respectively, r is the continuously compounded interest rate, y is the storage cost, q is the dividend yield, u is the convenience yield, and capital T is the time to delivery.","<prosody rate=""medium"">Capital F equals,<break time=""300ms""/> capital S,<break time=""200ms""/> times <emphasis>e to the power of,</emphasis><break time=""200ms""/> open parenthesis,<break time=""150ms""/> r plus y minus q minus u,<break time=""150ms""/> close parenthesis,<break time=""200ms""/> capital T,<break time=""350ms""/> where capital F and capital S represent the futures and spot prices respectively,<break time=""250ms""/> r is the continuously compounded interest rate,<break time=""200ms""/> y is the storage cost,<break time=""200ms""/> q is the dividend yield,<break time=""200ms""/> u is the convenience yield,<break time=""250ms""/> and capital T is the time to delivery.</prosody>",2,7,10,study2_r1,10B,2,"Brackets and grouping (e.g. ""(..)"" or ""{..}"");Superscripts and exponents",2,2,1,3.0,2026/06/26 7:03:35 PM OESZ,4,5,3,4,3,Male,18-24,Germany,Bachelor's Degree (or comparable university degree),Mathematics;Statistics;Economics,"Undergraduate-level mathematics (calculus, matrices, vectors, statistics)",Advanced (C1),Tablet,Earbuds,26.253
33,https://en.wikipedia.org/wiki/Spot%E2%80%93future_parity|{\displaystyle F=Se^{(r+y-q-u)T}},Economics,11-20,12,{\displaystyle F=Se^{(r+y-q-u)T}},https://en.wikipedia.org/wiki/Spot%E2%80%93future_parity,extended,"Capital F equals, capital S, times e to the power of, open parenthesis, r plus y minus q minus u, close parenthesis, capital T, where capital F and capital S represent the futures and spot prices respectively, r is the continuously compounded interest rate, y is the storage cost, q is the dividend yield, u is the convenience yield, and capital T is the time to delivery.","<prosody rate=""medium"">Capital F equals,<break time=""300ms""/> capital S,<break time=""200ms""/> times <emphasis>e to the power of,</emphasis><break time=""200ms""/> open parenthesis,<break time=""150ms""/> r plus y minus q minus u,<break time=""150ms""/> close parenthesis,<break time=""200ms""/> capital T,<break time=""350ms""/> where capital F and capital S represent the futures and spot prices respectively,<break time=""250ms""/> r is the continuously compounded interest rate,<break time=""200ms""/> y is the storage cost,<break time=""200ms""/> q is the dividend yield,<break time=""200ms""/> u is the convenience yield,<break time=""250ms""/> and capital T is the time to delivery.</prosody>",2,7,10,study2_r2,10B,3,"Brackets and grouping (e.g. ""(..)"" or ""{..}"");Superscripts and exponents",3,3,2,4.0,2026/07/01 12:42:36 PM OESZ,3,4,2,3,2,Male,25-34,Germany,Master's Degree (or comparable university degree),Computer Science,"Advanced university mathematics (proofs, abstract algebra, advanced calculus, etc.)",Advanced (C1),Laptop,Headphones,26.253
33,https://en.wikipedia.org/wiki/Spot%E2%80%93future_parity|{\displaystyle F=Se^{(r+y-q-u)T}},Economics,11-20,12,{\displaystyle F=Se^{(r+y-q-u)T}},https://en.wikipedia.org/wiki/Spot%E2%80%93future_parity,extended,"Capital F equals, capital S, times e to the power of, open parenthesis, r plus y minus q minus u, close parenthesis, capital T, where capital F and capital S represent the futures and spot prices respectively, r is the continuously compounded interest rate, y is the storage cost, q is the dividend yield, u is the convenience yield, and capital T is the time to delivery.","<prosody rate=""medium"">Capital F equals,<break time=""300ms""/> capital S,<break time=""200ms""/> times <emphasis>e to the power of,</emphasis><break time=""200ms""/> open parenthesis,<break time=""150ms""/> r plus y minus q minus u,<break time=""150ms""/> close parenthesis,<break time=""200ms""/> capital T,<break time=""350ms""/> where capital F and capital S represent the futures and spot prices respectively,<break time=""250ms""/> r is the continuously compounded interest rate,<break time=""200ms""/> y is the storage cost,<break time=""200ms""/> q is the dividend yield,<break time=""200ms""/> u is the convenience yield,<break time=""250ms""/> and capital T is the time to delivery.</prosody>",2,7,10,study2_r3,10B,3,"Brackets and grouping (e.g. ""(..)"" or ""{..}"");Superscripts and exponents",2,3,2,4.0,2026/07/04 3:24:07 PM OESZ,4,5,4,4,2,Male,35-44,Germany,Master's Degree (or comparable university degree),Computer Science,"Advanced university mathematics (proofs, abstract algebra, advanced calculus, etc.)",Advanced (C1),Smartphone,Earbuds,26.253
33,https://en.wikipedia.org/wiki/Spot%E2%80%93future_parity|{\displaystyle F=Se^{(r+y-q-u)T}},Economics,11-20,12,{\displaystyle F=Se^{(r+y-q-u)T}},https://en.wikipedia.org/wiki/Spot%E2%80%93future_parity,extended,"Capital F equals, capital S, times e to the power of, open parenthesis, r plus y minus q minus u, close parenthesis, capital T, where capital F and capital S represent the futures and spot prices respectively, r is the continuously compounded interest rate, y is the storage cost, q is the dividend yield, u is the convenience yield, and capital T is the time to delivery.","<prosody rate=""medium"">Capital F equals,<break time=""300ms""/> capital S,<break time=""200ms""/> times <emphasis>e to the power of,</emphasis><break time=""200ms""/> open parenthesis,<break time=""150ms""/> r plus y minus q minus u,<break time=""150ms""/> close parenthesis,<break time=""200ms""/> capital T,<break time=""350ms""/> where capital F and capital S represent the futures and spot prices respectively,<break time=""250ms""/> r is the continuously compounded interest rate,<break time=""200ms""/> y is the storage cost,<break time=""200ms""/> q is the dividend yield,<break time=""200ms""/> u is the convenience yield,<break time=""250ms""/> and capital T is the time to delivery.</prosody>",2,7,10,study2_r4,10B,3,Superscripts and exponents;Variable names,3,3,2,4.0,2026/07/05 4:31:01 PM OESZ,4,4,3,3,2,Male,25-34,Germany,Master's Degree (or comparable university degree),Mathematics;Statistics;Computer Science,"Advanced university mathematics (proofs, abstract algebra, advanced calculus, etc.)",Advanced (C1),Laptop,External speakers,26.253
33,https://en.wikipedia.org/wiki/Spot%E2%80%93future_parity|{\displaystyle F=Se^{(r+y-q-u)T}},Economics,11-20,12,{\displaystyle F=Se^{(r+y-q-u)T}},https://en.wikipedia.org/wiki/Spot%E2%80%93future_parity,extended,"Capital F equals, capital S, times e to the power of, open parenthesis, r plus y minus q minus u, close parenthesis, capital T, where capital F and capital S represent the futures and spot prices respectively, r is the continuously compounded interest rate, y is the storage cost, q is the dividend yield, u is the convenience yield, and capital T is the time to delivery.","<prosody rate=""medium"">Capital F equals,<break time=""300ms""/> capital S,<break time=""200ms""/> times <emphasis>e to the power of,</emphasis><break time=""200ms""/> open parenthesis,<break time=""150ms""/> r plus y minus q minus u,<break time=""150ms""/> close parenthesis,<break time=""200ms""/> capital T,<break time=""350ms""/> where capital F and capital S represent the futures and spot prices respectively,<break time=""250ms""/> r is the continuously compounded interest rate,<break time=""200ms""/> y is the storage cost,<break time=""200ms""/> q is the dividend yield,<break time=""200ms""/> u is the convenience yield,<break time=""250ms""/> and capital T is the time to delivery.</prosody>",2,7,10,study2_r5,10B,3,"Brackets and grouping (e.g. ""(..)"" or ""{..}"");Superscripts and exponents",2,4,2,3.0,2026/07/14 12:58:15 AM OESZ,4,4,3,3,3,Male,25-34,Germany,Bachelor's Degree (or comparable university degree),Computer Science,"Advanced university mathematics (proofs, abstract algebra, advanced calculus, etc.)",Intermediate (B1-B2),Desktop computer,Headphones,26.253
16,http://en.wikipedia.org/wiki/Lamb_shift|\langle \delta \vec{r} \rangle _{vac} =0,Physics,1-10,6,\langle \delta \vec{r} \rangle _{vac} =0,http://en.wikipedia.org/wiki/Lamb_shift,standard,"Left angle bracket, delta vector r, right angle bracket, subscript v a c, equals zero.","<prosody rate=""slow"">Left angle bracket,<break time=""200ms""/> <emphasis>delta vector r</emphasis>,<break time=""200ms""/> right angle bracket,<break time=""200ms""/> subscript v a c,<break time=""250ms""/> equals<break time=""150ms""/> <emphasis>zero</emphasis>.</prosody>",2,8,17,study2_r1,17A,4,"Brackets and grouping (e.g. ""(..)"" or ""{..}"");Superscripts and exponents",4,5,5,,2026/06/26 7:03:35 PM OESZ,4,5,3,4,3,Male,18-24,Germany,Bachelor's Degree (or comparable university degree),Mathematics;Statistics;Economics,"Undergraduate-level mathematics (calculus, matrices, vectors, statistics)",Advanced (C1),Tablet,Earbuds,9.142833333333334
16,http://en.wikipedia.org/wiki/Lamb_shift|\langle \delta \vec{r} \rangle _{vac} =0,Physics,1-10,6,\langle \delta \vec{r} \rangle _{vac} =0,http://en.wikipedia.org/wiki/Lamb_shift,standard,"Left angle bracket, delta vector r, right angle bracket, subscript v a c, equals zero.","<prosody rate=""slow"">Left angle bracket,<break time=""200ms""/> <emphasis>delta vector r</emphasis>,<break time=""200ms""/> right angle bracket,<break time=""200ms""/> subscript v a c,<break time=""250ms""/> equals<break time=""150ms""/> <emphasis>zero</emphasis>.</prosody>",2,8,17,study2_r2,17A,5,Nothing was difficult,4,4,5,,2026/07/01 12:42:36 PM OESZ,3,4,2,3,2,Male,25-34,Germany,Master's Degree (or comparable university degree),Computer Science,"Advanced university mathematics (proofs, abstract algebra, advanced calculus, etc.)",Advanced (C1),Laptop,Headphones,9.142833333333334
16,http://en.wikipedia.org/wiki/Lamb_shift|\langle \delta \vec{r} \rangle _{vac} =0,Physics,1-10,6,\langle \delta \vec{r} \rangle _{vac} =0,http://en.wikipedia.org/wiki/Lamb_shift,standard,"Left angle bracket, delta vector r, right angle bracket, subscript v a c, equals zero.","<prosody rate=""slow"">Left angle bracket,<break time=""200ms""/> <emphasis>delta vector r</emphasis>,<break time=""200ms""/> right angle bracket,<break time=""200ms""/> subscript v a c,<break time=""250ms""/> equals<break time=""150ms""/> <emphasis>zero</emphasis>.</prosody>",2,8,17,study2_r3,17A,4,Subscripts and indices,4,4,4,,2026/07/04 3:24:07 PM OESZ,4,5,4,4,2,Male,35-44,Germany,Master's Degree (or comparable university degree),Computer Science,"Advanced university mathematics (proofs, abstract algebra, advanced calculus, etc.)",Advanced (C1),Smartphone,Earbuds,9.142833333333334
16,http://en.wikipedia.org/wiki/Lamb_shift|\langle \delta \vec{r} \rangle _{vac} =0,Physics,1-10,6,\langle \delta \vec{r} \rangle _{vac} =0,http://en.wikipedia.org/wiki/Lamb_shift,standard,"Left angle bracket, delta vector r, right angle bracket, subscript v a c, equals zero.","<prosody rate=""slow"">Left angle bracket,<break time=""200ms""/> <emphasis>delta vector r</emphasis>,<break time=""200ms""/> right angle bracket,<break time=""200ms""/> subscript v a c,<break time=""250ms""/> equals<break time=""150ms""/> <emphasis>zero</emphasis>.</prosody>",2,8,17,study2_r4,17A,4,Superscripts and exponents,4,4,4,,2026/07/05 4:31:01 PM OESZ,4,4,3,3,2,Male,25-34,Germany,Master's Degree (or comparable university degree),Mathematics;Statistics;Computer Science,"Advanced university mathematics (proofs, abstract algebra, advanced calculus, etc.)",Advanced (C1),Laptop,External speakers,9.142833333333334
16,http://en.wikipedia.org/wiki/Lamb_shift|\langle \delta \vec{r} \rangle _{vac} =0,Physics,1-10,6,\langle \delta \vec{r} \rangle _{vac} =0,http://en.wikipedia.org/wiki/Lamb_shift,standard,"Left angle bracket, delta vector r, right angle bracket, subscript v a c, equals zero.","<prosody rate=""slow"">Left angle bracket,<break time=""200ms""/> <emphasis>delta vector r</emphasis>,<break time=""200ms""/> right angle bracket,<break time=""200ms""/> subscript v a c,<break time=""250ms""/> equals<break time=""150ms""/> <emphasis>zero</emphasis>.</prosody>",2,8,17,study2_r5,17A,4,Superscripts and exponents,4,4,4,,2026/07/14 12:58:15 AM OESZ,4,4,3,3,3,Male,25-34,Germany,Bachelor's Degree (or comparable university degree),Computer Science,"Advanced university mathematics (proofs, abstract algebra, advanced calculus, etc.)",Intermediate (B1-B2),Desktop computer,Headphones,9.142833333333334
47,http://en.wikipedia.org/wiki/Pivotal_quantity|r = \frac{\frac1{n-1} \sum_{i=1}^n (X_i - \overline{X})(Y_i - \overline{Y})}{s_X s_Y},Statistics,31-40,35,r = \frac{\frac1{n-1} \sum_{i=1}^n (X_i - \overline{X})(Y_i - \overline{Y})}{s_X s_Y},http://en.wikipedia.org/wiki/Pivotal_quantity,extended,"Lowercase r, an estimator of the unknown correlation lowercase rho for a sample of size lowercase n of vectors open parenthesis capital X sub i comma capital Y sub i close parenthesis taken from a bivariate normal distribution, equals a fraction whose numerator is the fraction one over lowercase n minus one, times the sum from lowercase i equals one to lowercase n of the quantity in parentheses capital X sub i minus capital X bar, times the quantity in parentheses capital Y sub i minus capital Y bar, and whose denominator is s sub capital X times s sub capital Y, where s sub capital X squared and s sub capital Y squared are the sample variances of capital X and capital Y.","<prosody rate=""medium"">Lowercase r, an estimator of the unknown correlation lowercase rho for a sample of size lowercase n of vectors open parenthesis capital X sub i comma capital Y sub i close parenthesis taken from a bivariate normal distribution, equals a fraction</prosody><break time=""250ms""/><prosody rate=""slow"">whose numerator is the fraction one over lowercase n minus one,</prosody><break time=""200ms""/><prosody rate=""slow"">times the sum from lowercase i equals one to lowercase n</prosody><break time=""150ms""/><prosody rate=""slow"">of the quantity in parentheses capital X sub i minus capital X bar,</prosody><break time=""150ms""/><prosody rate=""slow"">times the quantity in parentheses capital Y sub i minus capital Y bar,</prosody><break time=""250ms""/><prosody rate=""medium"">and whose denominator is <emphasis>s sub capital X</emphasis> times <emphasis>s sub capital Y</emphasis>,</prosody><break time=""200ms""/><prosody rate=""medium"">where s sub capital X squared and s sub capital Y squared are the sample variances of capital X and capital Y.</prosody>",2,9,24,study2_r1,24B,1,"Brackets and grouping (e.g. ""(..)"" or ""{..}"");Fractions and divisions structures;Subscripts and indices;Mathematical symbols and operators (e.g. ""+"", ""-"", sum or integral)",1,1,1,1.0,2026/06/26 7:03:35 PM OESZ,4,5,3,4,3,Male,18-24,Germany,Bachelor's Degree (or comparable university degree),Mathematics;Statistics;Economics,"Undergraduate-level mathematics (calculus, matrices, vectors, statistics)",Advanced (C1),Tablet,Earbuds,44.43416666666667
47,http://en.wikipedia.org/wiki/Pivotal_quantity|r = \frac{\frac1{n-1} \sum_{i=1}^n (X_i - \overline{X})(Y_i - \overline{Y})}{s_X s_Y},Statistics,31-40,35,r = \frac{\frac1{n-1} \sum_{i=1}^n (X_i - \overline{X})(Y_i - \overline{Y})}{s_X s_Y},http://en.wikipedia.org/wiki/Pivotal_quantity,extended,"Lowercase r, an estimator of the unknown correlation lowercase rho for a sample of size lowercase n of vectors open parenthesis capital X sub i comma capital Y sub i close parenthesis taken from a bivariate normal distribution, equals a fraction whose numerator is the fraction one over lowercase n minus one, times the sum from lowercase i equals one to lowercase n of the quantity in parentheses capital X sub i minus capital X bar, times the quantity in parentheses capital Y sub i minus capital Y bar, and whose denominator is s sub capital X times s sub capital Y, where s sub capital X squared and s sub capital Y squared are the sample variances of capital X and capital Y.","<prosody rate=""medium"">Lowercase r, an estimator of the unknown correlation lowercase rho for a sample of size lowercase n of vectors open parenthesis capital X sub i comma capital Y sub i close parenthesis taken from a bivariate normal distribution, equals a fraction</prosody><break time=""250ms""/><prosody rate=""slow"">whose numerator is the fraction one over lowercase n minus one,</prosody><break time=""200ms""/><prosody rate=""slow"">times the sum from lowercase i equals one to lowercase n</prosody><break time=""150ms""/><prosody rate=""slow"">of the quantity in parentheses capital X sub i minus capital X bar,</prosody><break time=""150ms""/><prosody rate=""slow"">times the quantity in parentheses capital Y sub i minus capital Y bar,</prosody><break time=""250ms""/><prosody rate=""medium"">and whose denominator is <emphasis>s sub capital X</emphasis> times <emphasis>s sub capital Y</emphasis>,</prosody><break time=""200ms""/><prosody rate=""medium"">where s sub capital X squared and s sub capital Y squared are the sample variances of capital X and capital Y.</prosody>",2,9,24,study2_r2,24B,1,"Brackets and grouping (e.g. ""(..)"" or ""{..}"");Fractions and divisions structures;Mathematical symbols and operators (e.g. ""+"", ""-"", sum or integral)",1,2,1,2.0,2026/07/01 12:42:36 PM OESZ,3,4,2,3,2,Male,25-34,Germany,Master's Degree (or comparable university degree),Computer Science,"Advanced university mathematics (proofs, abstract algebra, advanced calculus, etc.)",Advanced (C1),Laptop,Headphones,44.43416666666667
47,http://en.wikipedia.org/wiki/Pivotal_quantity|r = \frac{\frac1{n-1} \sum_{i=1}^n (X_i - \overline{X})(Y_i - \overline{Y})}{s_X s_Y},Statistics,31-40,35,r = \frac{\frac1{n-1} \sum_{i=1}^n (X_i - \overline{X})(Y_i - \overline{Y})}{s_X s_Y},http://en.wikipedia.org/wiki/Pivotal_quantity,extended,"Lowercase r, an estimator of the unknown correlation lowercase rho for a sample of size lowercase n of vectors open parenthesis capital X sub i comma capital Y sub i close parenthesis taken from a bivariate normal distribution, equals a fraction whose numerator is the fraction one over lowercase n minus one, times the sum from lowercase i equals one to lowercase n of the quantity in parentheses capital X sub i minus capital X bar, times the quantity in parentheses capital Y sub i minus capital Y bar, and whose denominator is s sub capital X times s sub capital Y, where s sub capital X squared and s sub capital Y squared are the sample variances of capital X and capital Y.","<prosody rate=""medium"">Lowercase r, an estimator of the unknown correlation lowercase rho for a sample of size lowercase n of vectors open parenthesis capital X sub i comma capital Y sub i close parenthesis taken from a bivariate normal distribution, equals a fraction</prosody><break time=""250ms""/><prosody rate=""slow"">whose numerator is the fraction one over lowercase n minus one,</prosody><break time=""200ms""/><prosody rate=""slow"">times the sum from lowercase i equals one to lowercase n</prosody><break time=""150ms""/><prosody rate=""slow"">of the quantity in parentheses capital X sub i minus capital X bar,</prosody><break time=""150ms""/><prosody rate=""slow"">times the quantity in parentheses capital Y sub i minus capital Y bar,</prosody><break time=""250ms""/><prosody rate=""medium"">and whose denominator is <emphasis>s sub capital X</emphasis> times <emphasis>s sub capital Y</emphasis>,</prosody><break time=""200ms""/><prosody rate=""medium"">where s sub capital X squared and s sub capital Y squared are the sample variances of capital X and capital Y.</prosody>",2,9,24,study2_r3,24B,1,"Brackets and grouping (e.g. ""(..)"" or ""{..}"");Fractions and divisions structures;Superscripts and exponents;Subscripts and indices",1,2,1,2.0,2026/07/04 3:24:07 PM OESZ,4,5,4,4,2,Male,35-44,Germany,Master's Degree (or comparable university degree),Computer Science,"Advanced university mathematics (proofs, abstract algebra, advanced calculus, etc.)",Advanced (C1),Smartphone,Earbuds,44.43416666666667
47,http://en.wikipedia.org/wiki/Pivotal_quantity|r = \frac{\frac1{n-1} \sum_{i=1}^n (X_i - \overline{X})(Y_i - \overline{Y})}{s_X s_Y},Statistics,31-40,35,r = \frac{\frac1{n-1} \sum_{i=1}^n (X_i - \overline{X})(Y_i - \overline{Y})}{s_X s_Y},http://en.wikipedia.org/wiki/Pivotal_quantity,extended,"Lowercase r, an estimator of the unknown correlation lowercase rho for a sample of size lowercase n of vectors open parenthesis capital X sub i comma capital Y sub i close parenthesis taken from a bivariate normal distribution, equals a fraction whose numerator is the fraction one over lowercase n minus one, times the sum from lowercase i equals one to lowercase n of the quantity in parentheses capital X sub i minus capital X bar, times the quantity in parentheses capital Y sub i minus capital Y bar, and whose denominator is s sub capital X times s sub capital Y, where s sub capital X squared and s sub capital Y squared are the sample variances of capital X and capital Y.","<prosody rate=""medium"">Lowercase r, an estimator of the unknown correlation lowercase rho for a sample of size lowercase n of vectors open parenthesis capital X sub i comma capital Y sub i close parenthesis taken from a bivariate normal distribution, equals a fraction</prosody><break time=""250ms""/><prosody rate=""slow"">whose numerator is the fraction one over lowercase n minus one,</prosody><break time=""200ms""/><prosody rate=""slow"">times the sum from lowercase i equals one to lowercase n</prosody><break time=""150ms""/><prosody rate=""slow"">of the quantity in parentheses capital X sub i minus capital X bar,</prosody><break time=""150ms""/><prosody rate=""slow"">times the quantity in parentheses capital Y sub i minus capital Y bar,</prosody><break time=""250ms""/><prosody rate=""medium"">and whose denominator is <emphasis>s sub capital X</emphasis> times <emphasis>s sub capital Y</emphasis>,</prosody><break time=""200ms""/><prosody rate=""medium"">where s sub capital X squared and s sub capital Y squared are the sample variances of capital X and capital Y.</prosody>",2,9,24,study2_r4,24B,1,"Brackets and grouping (e.g. ""(..)"" or ""{..}"");Subscripts and indices;Mathematical symbols and operators (e.g. ""+"", ""-"", sum or integral);Capitalization",1,2,1,1.0,2026/07/05 4:31:01 PM OESZ,4,4,3,3,2,Male,25-34,Germany,Master's Degree (or comparable university degree),Mathematics;Statistics;Computer Science,"Advanced university mathematics (proofs, abstract algebra, advanced calculus, etc.)",Advanced (C1),Laptop,External speakers,44.43416666666667
47,http://en.wikipedia.org/wiki/Pivotal_quantity|r = \frac{\frac1{n-1} \sum_{i=1}^n (X_i - \overline{X})(Y_i - \overline{Y})}{s_X s_Y},Statistics,31-40,35,r = \frac{\frac1{n-1} \sum_{i=1}^n (X_i - \overline{X})(Y_i - \overline{Y})}{s_X s_Y},http://en.wikipedia.org/wiki/Pivotal_quantity,extended,"Lowercase r, an estimator of the unknown correlation lowercase rho for a sample of size lowercase n of vectors open parenthesis capital X sub i comma capital Y sub i close parenthesis taken from a bivariate normal distribution, equals a fraction whose numerator is the fraction one over lowercase n minus one, times the sum from lowercase i equals one to lowercase n of the quantity in parentheses capital X sub i minus capital X bar, times the quantity in parentheses capital Y sub i minus capital Y bar, and whose denominator is s sub capital X times s sub capital Y, where s sub capital X squared and s sub capital Y squared are the sample variances of capital X and capital Y.","<prosody rate=""medium"">Lowercase r, an estimator of the unknown correlation lowercase rho for a sample of size lowercase n of vectors open parenthesis capital X sub i comma capital Y sub i close parenthesis taken from a bivariate normal distribution, equals a fraction</prosody><break time=""250ms""/><prosody rate=""slow"">whose numerator is the fraction one over lowercase n minus one,</prosody><break time=""200ms""/><prosody rate=""slow"">times the sum from lowercase i equals one to lowercase n</prosody><break time=""150ms""/><prosody rate=""slow"">of the quantity in parentheses capital X sub i minus capital X bar,</prosody><break time=""150ms""/><prosody rate=""slow"">times the quantity in parentheses capital Y sub i minus capital Y bar,</prosody><break time=""250ms""/><prosody rate=""medium"">and whose denominator is <emphasis>s sub capital X</emphasis> times <emphasis>s sub capital Y</emphasis>,</prosody><break time=""200ms""/><prosody rate=""medium"">where s sub capital X squared and s sub capital Y squared are the sample variances of capital X and capital Y.</prosody>",2,9,24,study2_r5,24B,1,"Brackets and grouping (e.g. ""(..)"" or ""{..}"");Subscripts and indices;Mathematical symbols and operators (e.g. ""+"", ""-"", sum or integral);Capitalization",1,2,1,2.0,2026/07/14 12:58:15 AM OESZ,4,4,3,3,3,Male,25-34,Germany,Bachelor's Degree (or comparable university degree),Computer Science,"Advanced university mathematics (proofs, abstract algebra, advanced calculus, etc.)",Intermediate (B1-B2),Desktop computer,Headphones,44.43416666666667
12,http://en.wikipedia.org/wiki/Lenstra%E2%80%93Lenstra%E2%80%93Lov%C3%A1sz_lattice_basis_reduction_algorithm|\ d \leq n,Mathematics,1-10,2,\ d \leq n,http://en.wikipedia.org/wiki/Lenstra%E2%80%93Lenstra%E2%80%93Lov%C3%A1sz_lattice_basis_reduction_algorithm,standard,d is less than or equal to n,"<prosody rate=""slow"">d <break time=""200ms""/> is less than or equal to <break time=""200ms""/> <emphasis>n</emphasis></prosody>",2,10,13,study2_r1,13A,5,Nothing was difficult,5,5,5,,2026/06/26 7:03:35 PM OESZ,4,5,3,4,3,Male,18-24,Germany,Bachelor's Degree (or comparable university degree),Mathematics;Statistics;Economics,"Undergraduate-level mathematics (calculus, matrices, vectors, statistics)",Advanced (C1),Tablet,Earbuds,4.1535
12,http://en.wikipedia.org/wiki/Lenstra%E2%80%93Lenstra%E2%80%93Lov%C3%A1sz_lattice_basis_reduction_algorithm|\ d \leq n,Mathematics,1-10,2,\ d \leq n,http://en.wikipedia.org/wiki/Lenstra%E2%80%93Lenstra%E2%80%93Lov%C3%A1sz_lattice_basis_reduction_algorithm,standard,d is less than or equal to n,"<prosody rate=""slow"">d <break time=""200ms""/> is less than or equal to <break time=""200ms""/> <emphasis>n</emphasis></prosody>",2,10,13,study2_r2,13A,5,Nothing was difficult,5,5,5,,2026/07/01 12:42:36 PM OESZ,3,4,2,3,2,Male,25-34,Germany,Master's Degree (or comparable university degree),Computer Science,"Advanced university mathematics (proofs, abstract algebra, advanced calculus, etc.)",Advanced (C1),Laptop,Headphones,4.1535
12,http://en.wikipedia.org/wiki/Lenstra%E2%80%93Lenstra%E2%80%93Lov%C3%A1sz_lattice_basis_reduction_algorithm|\ d \leq n,Mathematics,1-10,2,\ d \leq n,http://en.wikipedia.org/wiki/Lenstra%E2%80%93Lenstra%E2%80%93Lov%C3%A1sz_lattice_basis_reduction_algorithm,standard,d is less than or equal to n,"<prosody rate=""slow"">d <break time=""200ms""/> is less than or equal to <break time=""200ms""/> <emphasis>n</emphasis></prosody>",2,10,13,study2_r3,13A,5,Nothing was difficult,5,5,5,,2026/07/04 3:24:07 PM OESZ,4,5,4,4,2,Male,35-44,Germany,Master's Degree (or comparable university degree),Computer Science,"Advanced university mathematics (proofs, abstract algebra, advanced calculus, etc.)",Advanced (C1),Smartphone,Earbuds,4.1535
12,http://en.wikipedia.org/wiki/Lenstra%E2%80%93Lenstra%E2%80%93Lov%C3%A1sz_lattice_basis_reduction_algorithm|\ d \leq n,Mathematics,1-10,2,\ d \leq n,http://en.wikipedia.org/wiki/Lenstra%E2%80%93Lenstra%E2%80%93Lov%C3%A1sz_lattice_basis_reduction_algorithm,standard,d is less than or equal to n,"<prosody rate=""slow"">d <break time=""200ms""/> is less than or equal to <break time=""200ms""/> <emphasis>n</emphasis></prosody>",2,10,13,study2_r4,13A,5,Nothing was difficult,5,5,5,,2026/07/05 4:31:01 PM OESZ,4,4,3,3,2,Male,25-34,Germany,Master's Degree (or comparable university degree),Mathematics;Statistics;Computer Science,"Advanced university mathematics (proofs, abstract algebra, advanced calculus, etc.)",Advanced (C1),Laptop,External speakers,4.1535
12,http://en.wikipedia.org/wiki/Lenstra%E2%80%93Lenstra%E2%80%93Lov%C3%A1sz_lattice_basis_reduction_algorithm|\ d \leq n,Mathematics,1-10,2,\ d \leq n,http://en.wikipedia.org/wiki/Lenstra%E2%80%93Lenstra%E2%80%93Lov%C3%A1sz_lattice_basis_reduction_algorithm,standard,d is less than or equal to n,"<prosody rate=""slow"">d <break time=""200ms""/> is less than or equal to <break time=""200ms""/> <emphasis>n</emphasis></prosody>",2,10,13,study2_r5,13A,5,Nothing was difficult,5,5,5,,2026/07/14 12:58:15 AM OESZ,4,4,3,3,3,Male,25-34,Germany,Bachelor's Degree (or comparable university degree),Computer Science,"Advanced university mathematics (proofs, abstract algebra, advanced calculus, etc.)",Intermediate (B1-B2),Desktop computer,Headphones,4.1535
30,"http://en.wikipedia.org/wiki/Combined_Linear_Congruential_Generator|Z_i= \left( \sum_{j=1}^k W_{i,j} \right) \pmod {(m_1-1)}",Computer Science,21-30,25,"Z_i= \left( \sum_{j=1}^k W_{i,j} \right) \pmod {(m_1-1)}",http://en.wikipedia.org/wiki/Combined_Linear_Congruential_Generator,extended,"Capital Z sub i, is uniformly distributed, and equals, open parenthesis, sum from j equals one to k of capital W sub i comma j, close parenthesis, p mod, open parenthesis, m sub one, minus one, close parenthesis, where p mod denotes reduction modulo the quantity m sub one minus one.","<prosody rate=""medium"">Capital Z sub i, <break time=""250ms""/> is uniformly distributed, <break time=""200ms""/> and equals, <break time=""250ms""/> open parenthesis, <break time=""200ms""/> sum from j equals one to k of capital W sub i comma j, <break time=""200ms""/> close parenthesis, <break time=""300ms""/> <emphasis>p mod</emphasis>, <break time=""200ms""/> open parenthesis, <break time=""200ms""/> m sub one, <break time=""150ms""/> minus one, <break time=""150ms""/> close parenthesis, <break time=""350ms""/> where <emphasis>p mod</emphasis> denotes reduction modulo the quantity <break time=""200ms""/> m sub one <break time=""150ms""/> minus one.</prosody>",2,11,7,study2_r1,7B,3,"Brackets and grouping (e.g. ""(..)"" or ""{..}"");Mathematical symbols and operators (e.g. ""+"", ""-"", sum or integral)",4,3,2,3.0,2026/06/26 7:03:35 PM OESZ,4,5,3,4,3,Male,18-24,Germany,Bachelor's Degree (or comparable university degree),Mathematics;Statistics;Economics,"Undergraduate-level mathematics (calculus, matrices, vectors, statistics)",Advanced (C1),Tablet,Earbuds,23.510166666666667
30,"http://en.wikipedia.org/wiki/Combined_Linear_Congruential_Generator|Z_i= \left( \sum_{j=1}^k W_{i,j} \right) \pmod {(m_1-1)}",Computer Science,21-30,25,"Z_i= \left( \sum_{j=1}^k W_{i,j} \right) \pmod {(m_1-1)}",http://en.wikipedia.org/wiki/Combined_Linear_Congruential_Generator,extended,"Capital Z sub i, is uniformly distributed, and equals, open parenthesis, sum from j equals one to k of capital W sub i comma j, close parenthesis, p mod, open parenthesis, m sub one, minus one, close parenthesis, where p mod denotes reduction modulo the quantity m sub one minus one.","<prosody rate=""medium"">Capital Z sub i, <break time=""250ms""/> is uniformly distributed, <break time=""200ms""/> and equals, <break time=""250ms""/> open parenthesis, <break time=""200ms""/> sum from j equals one to k of capital W sub i comma j, <break time=""200ms""/> close parenthesis, <break time=""300ms""/> <emphasis>p mod</emphasis>, <break time=""200ms""/> open parenthesis, <break time=""200ms""/> m sub one, <break time=""150ms""/> minus one, <break time=""150ms""/> close parenthesis, <break time=""350ms""/> where <emphasis>p mod</emphasis> denotes reduction modulo the quantity <break time=""200ms""/> m sub one <break time=""150ms""/> minus one.</prosody>",2,11,7,study2_r2,7B,3,"Brackets and grouping (e.g. ""(..)"" or ""{..}"");Mathematical symbols and operators (e.g. ""+"", ""-"", sum or integral)",3,3,2,3.0,2026/07/01 12:42:36 PM OESZ,3,4,2,3,2,Male,25-34,Germany,Master's Degree (or comparable university degree),Computer Science,"Advanced university mathematics (proofs, abstract algebra, advanced calculus, etc.)",Advanced (C1),Laptop,Headphones,23.510166666666667
30,"http://en.wikipedia.org/wiki/Combined_Linear_Congruential_Generator|Z_i= \left( \sum_{j=1}^k W_{i,j} \right) \pmod {(m_1-1)}",Computer Science,21-30,25,"Z_i= \left( \sum_{j=1}^k W_{i,j} \right) \pmod {(m_1-1)}",http://en.wikipedia.org/wiki/Combined_Linear_Congruential_Generator,extended,"Capital Z sub i, is uniformly distributed, and equals, open parenthesis, sum from j equals one to k of capital W sub i comma j, close parenthesis, p mod, open parenthesis, m sub one, minus one, close parenthesis, where p mod denotes reduction modulo the quantity m sub one minus one.","<prosody rate=""medium"">Capital Z sub i, <break time=""250ms""/> is uniformly distributed, <break time=""200ms""/> and equals, <break time=""250ms""/> open parenthesis, <break time=""200ms""/> sum from j equals one to k of capital W sub i comma j, <break time=""200ms""/> close parenthesis, <break time=""300ms""/> <emphasis>p mod</emphasis>, <break time=""200ms""/> open parenthesis, <break time=""200ms""/> m sub one, <break time=""150ms""/> minus one, <break time=""150ms""/> close parenthesis, <break time=""350ms""/> where <emphasis>p mod</emphasis> denotes reduction modulo the quantity <break time=""200ms""/> m sub one <break time=""150ms""/> minus one.</prosody>",2,11,7,study2_r3,7B,3,"Brackets and grouping (e.g. ""(..)"" or ""{..}"");Subscripts and indices;Mathematical symbols and operators (e.g. ""+"", ""-"", sum or integral)",3,3,2,3.0,2026/07/04 3:24:07 PM OESZ,4,5,4,4,2,Male,35-44,Germany,Master's Degree (or comparable university degree),Computer Science,"Advanced university mathematics (proofs, abstract algebra, advanced calculus, etc.)",Advanced (C1),Smartphone,Earbuds,23.510166666666667
30,"http://en.wikipedia.org/wiki/Combined_Linear_Congruential_Generator|Z_i= \left( \sum_{j=1}^k W_{i,j} \right) \pmod {(m_1-1)}",Computer Science,21-30,25,"Z_i= \left( \sum_{j=1}^k W_{i,j} \right) \pmod {(m_1-1)}",http://en.wikipedia.org/wiki/Combined_Linear_Congruential_Generator,extended,"Capital Z sub i, is uniformly distributed, and equals, open parenthesis, sum from j equals one to k of capital W sub i comma j, close parenthesis, p mod, open parenthesis, m sub one, minus one, close parenthesis, where p mod denotes reduction modulo the quantity m sub one minus one.","<prosody rate=""medium"">Capital Z sub i, <break time=""250ms""/> is uniformly distributed, <break time=""200ms""/> and equals, <break time=""250ms""/> open parenthesis, <break time=""200ms""/> sum from j equals one to k of capital W sub i comma j, <break time=""200ms""/> close parenthesis, <break time=""300ms""/> <emphasis>p mod</emphasis>, <break time=""200ms""/> open parenthesis, <break time=""200ms""/> m sub one, <break time=""150ms""/> minus one, <break time=""150ms""/> close parenthesis, <break time=""350ms""/> where <emphasis>p mod</emphasis> denotes reduction modulo the quantity <break time=""200ms""/> m sub one <break time=""150ms""/> minus one.</prosody>",2,11,7,study2_r4,7B,2,"Brackets and grouping (e.g. ""(..)"" or ""{..}"");Subscripts and indices;Mathematical symbols and operators (e.g. ""+"", ""-"", sum or integral);Capitalization",2,3,1,2.0,2026/07/05 4:31:01 PM OESZ,4,4,3,3,2,Male,25-34,Germany,Master's Degree (or comparable university degree),Mathematics;Statistics;Computer Science,"Advanced university mathematics (proofs, abstract algebra, advanced calculus, etc.)",Advanced (C1),Laptop,External speakers,23.510166666666667
30,"http://en.wikipedia.org/wiki/Combined_Linear_Congruential_Generator|Z_i= \left( \sum_{j=1}^k W_{i,j} \right) \pmod {(m_1-1)}",Computer Science,21-30,25,"Z_i= \left( \sum_{j=1}^k W_{i,j} \right) \pmod {(m_1-1)}",http://en.wikipedia.org/wiki/Combined_Linear_Congruential_Generator,extended,"Capital Z sub i, is uniformly distributed, and equals, open parenthesis, sum from j equals one to k of capital W sub i comma j, close parenthesis, p mod, open parenthesis, m sub one, minus one, close parenthesis, where p mod denotes reduction modulo the quantity m sub one minus one.","<prosody rate=""medium"">Capital Z sub i, <break time=""250ms""/> is uniformly distributed, <break time=""200ms""/> and equals, <break time=""250ms""/> open parenthesis, <break time=""200ms""/> sum from j equals one to k of capital W sub i comma j, <break time=""200ms""/> close parenthesis, <break time=""300ms""/> <emphasis>p mod</emphasis>, <break time=""200ms""/> open parenthesis, <break time=""200ms""/> m sub one, <break time=""150ms""/> minus one, <break time=""150ms""/> close parenthesis, <break time=""350ms""/> where <emphasis>p mod</emphasis> denotes reduction modulo the quantity <break time=""200ms""/> m sub one <break time=""150ms""/> minus one.</prosody>",2,11,7,study2_r5,7B,2,"Brackets and grouping (e.g. ""(..)"" or ""{..}"");Subscripts and indices;Mathematical symbols and operators (e.g. ""+"", ""-"", sum or integral);Greek letters",2,3,2,2.0,2026/07/14 12:58:15 AM OESZ,4,4,3,3,3,Male,25-34,Germany,Bachelor's Degree (or comparable university degree),Computer Science,"Advanced university mathematics (proofs, abstract algebra, advanced calculus, etc.)",Intermediate (B1-B2),Desktop computer,Headphones,23.510166666666667
25,https://en.wikipedia.org/wiki/Vapor%E2%80%93liquid_equilibrium|{\displaystyle K_{i}={\frac {P_{i}^{\star }}{P}}},Chemistry,11-20,11,{\displaystyle K_{i}={\frac {P_{i}^{\star }}{P}}},https://en.wikipedia.org/wiki/Vapor%E2%80%93liquid_equilibrium,extended,"Under Raoult’s law, capital K subscript i, the capital K value for component i, equals, the fraction with numerator, capital P subscript i, superscript star, meaning the vapor pressure of pure component i, and denominator, capital P, meaning the total pressure.","<prosody rate=""slow"">Under Raoult’s law,<break time=""250ms""/> <emphasis>capital K subscript i</emphasis>,<break time=""150ms""/> the capital K value for component i,<break time=""250ms""/> <emphasis>equals</emphasis>,<break time=""250ms""/> the fraction with numerator,<break time=""200ms""/> <emphasis>capital P subscript i, superscript star</emphasis>,<break time=""150ms""/> meaning the vapor pressure of pure component i,<break time=""250ms""/> and denominator,<break time=""200ms""/> <emphasis>capital P</emphasis>,<break time=""150ms""/> meaning the total pressure.</prosody>",2,12,2,study2_r1,2B,4,Superscripts and exponents,4,4,4,4.0,2026/06/26 7:03:35 PM OESZ,4,5,3,4,3,Male,18-24,Germany,Bachelor's Degree (or comparable university degree),Mathematics;Statistics;Economics,"Undergraduate-level mathematics (calculus, matrices, vectors, statistics)",Advanced (C1),Tablet,Earbuds,23.04
25,https://en.wikipedia.org/wiki/Vapor%E2%80%93liquid_equilibrium|{\displaystyle K_{i}={\frac {P_{i}^{\star }}{P}}},Chemistry,11-20,11,{\displaystyle K_{i}={\frac {P_{i}^{\star }}{P}}},https://en.wikipedia.org/wiki/Vapor%E2%80%93liquid_equilibrium,extended,"Under Raoult’s law, capital K subscript i, the capital K value for component i, equals, the fraction with numerator, capital P subscript i, superscript star, meaning the vapor pressure of pure component i, and denominator, capital P, meaning the total pressure.","<prosody rate=""slow"">Under Raoult’s law,<break time=""250ms""/> <emphasis>capital K subscript i</emphasis>,<break time=""150ms""/> the capital K value for component i,<break time=""250ms""/> <emphasis>equals</emphasis>,<break time=""250ms""/> the fraction with numerator,<break time=""200ms""/> <emphasis>capital P subscript i, superscript star</emphasis>,<break time=""150ms""/> meaning the vapor pressure of pure component i,<break time=""250ms""/> and denominator,<break time=""200ms""/> <emphasis>capital P</emphasis>,<break time=""150ms""/> meaning the total pressure.</prosody>",2,12,2,study2_r2,2B,4,Superscripts and exponents,4,4,4,3.0,2026/07/01 12:42:36 PM OESZ,3,4,2,3,2,Male,25-34,Germany,Master's Degree (or comparable university degree),Computer Science,"Advanced university mathematics (proofs, abstract algebra, advanced calculus, etc.)",Advanced (C1),Laptop,Headphones,23.04
25,https://en.wikipedia.org/wiki/Vapor%E2%80%93liquid_equilibrium|{\displaystyle K_{i}={\frac {P_{i}^{\star }}{P}}},Chemistry,11-20,11,{\displaystyle K_{i}={\frac {P_{i}^{\star }}{P}}},https://en.wikipedia.org/wiki/Vapor%E2%80%93liquid_equilibrium,extended,"Under Raoult’s law, capital K subscript i, the capital K value for component i, equals, the fraction with numerator, capital P subscript i, superscript star, meaning the vapor pressure of pure component i, and denominator, capital P, meaning the total pressure.","<prosody rate=""slow"">Under Raoult’s law,<break time=""250ms""/> <emphasis>capital K subscript i</emphasis>,<break time=""150ms""/> the capital K value for component i,<break time=""250ms""/> <emphasis>equals</emphasis>,<break time=""250ms""/> the fraction with numerator,<break time=""200ms""/> <emphasis>capital P subscript i, superscript star</emphasis>,<break time=""150ms""/> meaning the vapor pressure of pure component i,<break time=""250ms""/> and denominator,<break time=""200ms""/> <emphasis>capital P</emphasis>,<break time=""150ms""/> meaning the total pressure.</prosody>",2,12,2,study2_r3,2B,4,Superscripts and exponents,4,5,4,3.0,2026/07/04 3:24:07 PM OESZ,4,5,4,4,2,Male,35-44,Germany,Master's Degree (or comparable university degree),Computer Science,"Advanced university mathematics (proofs, abstract algebra, advanced calculus, etc.)",Advanced (C1),Smartphone,Earbuds,23.04
25,https://en.wikipedia.org/wiki/Vapor%E2%80%93liquid_equilibrium|{\displaystyle K_{i}={\frac {P_{i}^{\star }}{P}}},Chemistry,11-20,11,{\displaystyle K_{i}={\frac {P_{i}^{\star }}{P}}},https://en.wikipedia.org/wiki/Vapor%E2%80%93liquid_equilibrium,extended,"Under Raoult’s law, capital K subscript i, the capital K value for component i, equals, the fraction with numerator, capital P subscript i, superscript star, meaning the vapor pressure of pure component i, and denominator, capital P, meaning the total pressure.","<prosody rate=""slow"">Under Raoult’s law,<break time=""250ms""/> <emphasis>capital K subscript i</emphasis>,<break time=""150ms""/> the capital K value for component i,<break time=""250ms""/> <emphasis>equals</emphasis>,<break time=""250ms""/> the fraction with numerator,<break time=""200ms""/> <emphasis>capital P subscript i, superscript star</emphasis>,<break time=""150ms""/> meaning the vapor pressure of pure component i,<break time=""250ms""/> and denominator,<break time=""200ms""/> <emphasis>capital P</emphasis>,<break time=""150ms""/> meaning the total pressure.</prosody>",2,12,2,study2_r4,2B,5,Nothing was difficult,5,4,4,4.0,2026/07/05 4:31:01 PM OESZ,4,4,3,3,2,Male,25-34,Germany,Master's Degree (or comparable university degree),Mathematics;Statistics;Computer Science,"Advanced university mathematics (proofs, abstract algebra, advanced calculus, etc.)",Advanced (C1),Laptop,External speakers,23.04
25,https://en.wikipedia.org/wiki/Vapor%E2%80%93liquid_equilibrium|{\displaystyle K_{i}={\frac {P_{i}^{\star }}{P}}},Chemistry,11-20,11,{\displaystyle K_{i}={\frac {P_{i}^{\star }}{P}}},https://en.wikipedia.org/wiki/Vapor%E2%80%93liquid_equilibrium,extended,"Under Raoult’s law, capital K subscript i, the capital K value for component i, equals, the fraction with numerator, capital P subscript i, superscript star, meaning the vapor pressure of pure component i, and denominator, capital P, meaning the total pressure.","<prosody rate=""slow"">Under Raoult’s law,<break time=""250ms""/> <emphasis>capital K subscript i</emphasis>,<break time=""150ms""/> the capital K value for component i,<break time=""250ms""/> <emphasis>equals</emphasis>,<break time=""250ms""/> the fraction with numerator,<break time=""200ms""/> <emphasis>capital P subscript i, superscript star</emphasis>,<break time=""150ms""/> meaning the vapor pressure of pure component i,<break time=""250ms""/> and denominator,<break time=""200ms""/> <emphasis>capital P</emphasis>,<break time=""150ms""/> meaning the total pressure.</prosody>",2,12,2,study2_r5,2B,4,Superscripts and exponents,4,4,4,4.0,2026/07/14 12:58:15 AM OESZ,4,4,3,3,3,Male,25-34,Germany,Bachelor's Degree (or comparable university degree),Computer Science,"Advanced university mathematics (proofs, abstract algebra, advanced calculus, etc.)",Intermediate (B1-B2),Desktop computer,Headphones,23.04
3,https://en.wikipedia.org/wiki/Delta-O-18|{\displaystyle \delta ^{18}O={\Biggl (}{\frac {{\bigl (}{\frac {^{18}O}{^{16}O}}{\bigr )}_{sample}}{{\bigl (}{\frac {^{18}O}{^{16}O}}{\bigr )}_{standard}}}-1{\Biggr )}*1000\ ^{o}\!/\!_{oo}},Chemistry,31-40,34,{\displaystyle \delta ^{18}O={\Biggl (}{\frac {{\bigl (}{\frac {^{18}O}{^{16}O}}{\bigr )}_{sample}}{{\bigl (}{\frac {^{18}O}{^{16}O}}{\bigr )}_{standard}}}-1{\Biggr )}*1000\ ^{o}\!/\!_{oo}},https://en.wikipedia.org/wiki/Delta-O-18,standard,"Delta superscript eighteen, capital O, equals, open parenthesis, the fraction whose numerator is, open parenthesis, superscript eighteen, capital O, over, superscript sixteen, capital O, close parenthesis, subscript sample, and whose denominator is, open parenthesis, superscript eighteen, capital O, over, superscript sixteen, capital O, close parenthesis, subscript standard, close fraction, minus one, close parenthesis, times one thousand, per mille.","<prosody rate=""slow"">Delta superscript eighteen, capital O, equals,<break time=""200ms""/> open parenthesis,<break time=""150ms""/> the fraction whose numerator is,<break time=""150ms""/> open parenthesis,<break time=""100ms""/> superscript eighteen, capital O,<break time=""100ms""/> over,<break time=""100ms""/> superscript sixteen, capital O,<break time=""100ms""/> close parenthesis,<break time=""100ms""/> subscript sample,<break time=""200ms""/> and whose denominator is,<break time=""150ms""/> open parenthesis,<break time=""100ms""/> superscript eighteen, capital O,<break time=""100ms""/> over,<break time=""100ms""/> superscript sixteen, capital O,<break time=""100ms""/> close parenthesis,<break time=""100ms""/> subscript standard,<break time=""200ms""/> close fraction,<break time=""150ms""/> <emphasis level=""moderate"">minus one</emphasis>,<break time=""150ms""/> close parenthesis,<break time=""150ms""/> times one thousand,<break time=""150ms""/> <emphasis level=""moderate"">per mille.</emphasis></prosody>",3,1,4,study3_r1,4A,4,Fractions and divisions structures,4,4,5,,2026/06/28 7:53:57 PM OESZ,4,4,3,4,3,Male,35-44,Germany,Master's Degree (or comparable university degree),Economics;Computer Science,"Advanced university mathematics (proofs, abstract algebra, advanced calculus, etc.)",Advanced (C1),Smartphone,Earbuds,40.907666666666664
3,https://en.wikipedia.org/wiki/Delta-O-18|{\displaystyle \delta ^{18}O={\Biggl (}{\frac {{\bigl (}{\frac {^{18}O}{^{16}O}}{\bigr )}_{sample}}{{\bigl (}{\frac {^{18}O}{^{16}O}}{\bigr )}_{standard}}}-1{\Biggr )}*1000\ ^{o}\!/\!_{oo}},Chemistry,31-40,34,{\displaystyle \delta ^{18}O={\Biggl (}{\frac {{\bigl (}{\frac {^{18}O}{^{16}O}}{\bigr )}_{sample}}{{\bigl (}{\frac {^{18}O}{^{16}O}}{\bigr )}_{standard}}}-1{\Biggr )}*1000\ ^{o}\!/\!_{oo}},https://en.wikipedia.org/wiki/Delta-O-18,standard,"Delta superscript eighteen, capital O, equals, open parenthesis, the fraction whose numerator is, open parenthesis, superscript eighteen, capital O, over, superscript sixteen, capital O, close parenthesis, subscript sample, and whose denominator is, open parenthesis, superscript eighteen, capital O, over, superscript sixteen, capital O, close parenthesis, subscript standard, close fraction, minus one, close parenthesis, times one thousand, per mille.","<prosody rate=""slow"">Delta superscript eighteen, capital O, equals,<break time=""200ms""/> open parenthesis,<break time=""150ms""/> the fraction whose numerator is,<break time=""150ms""/> open parenthesis,<break time=""100ms""/> superscript eighteen, capital O,<break time=""100ms""/> over,<break time=""100ms""/> superscript sixteen, capital O,<break time=""100ms""/> close parenthesis,<break time=""100ms""/> subscript sample,<break time=""200ms""/> and whose denominator is,<break time=""150ms""/> open parenthesis,<break time=""100ms""/> superscript eighteen, capital O,<break time=""100ms""/> over,<break time=""100ms""/> superscript sixteen, capital O,<break time=""100ms""/> close parenthesis,<break time=""100ms""/> subscript standard,<break time=""200ms""/> close fraction,<break time=""150ms""/> <emphasis level=""moderate"">minus one</emphasis>,<break time=""150ms""/> close parenthesis,<break time=""150ms""/> times one thousand,<break time=""150ms""/> <emphasis level=""moderate"">per mille.</emphasis></prosody>",3,1,4,study3_r2,4A,4,Superscripts and exponents,5,4,5,,2026/07/04 3:08:54 PM OESZ,4,4,3,4,3,Male,25-34,Germany,Bachelor's Degree (or comparable university degree),Mathematics;Statistics,"Advanced university mathematics (proofs, abstract algebra, advanced calculus, etc.)",Advanced (C1),Desktop computer,Headphones,40.907666666666664
3,https://en.wikipedia.org/wiki/Delta-O-18|{\displaystyle \delta ^{18}O={\Biggl (}{\frac {{\bigl (}{\frac {^{18}O}{^{16}O}}{\bigr )}_{sample}}{{\bigl (}{\frac {^{18}O}{^{16}O}}{\bigr )}_{standard}}}-1{\Biggr )}*1000\ ^{o}\!/\!_{oo}},Chemistry,31-40,34,{\displaystyle \delta ^{18}O={\Biggl (}{\frac {{\bigl (}{\frac {^{18}O}{^{16}O}}{\bigr )}_{sample}}{{\bigl (}{\frac {^{18}O}{^{16}O}}{\bigr )}_{standard}}}-1{\Biggr )}*1000\ ^{o}\!/\!_{oo}},https://en.wikipedia.org/wiki/Delta-O-18,standard,"Delta superscript eighteen, capital O, equals, open parenthesis, the fraction whose numerator is, open parenthesis, superscript eighteen, capital O, over, superscript sixteen, capital O, close parenthesis, subscript sample, and whose denominator is, open parenthesis, superscript eighteen, capital O, over, superscript sixteen, capital O, close parenthesis, subscript standard, close fraction, minus one, close parenthesis, times one thousand, per mille.","<prosody rate=""slow"">Delta superscript eighteen, capital O, equals,<break time=""200ms""/> open parenthesis,<break time=""150ms""/> the fraction whose numerator is,<break time=""150ms""/> open parenthesis,<break time=""100ms""/> superscript eighteen, capital O,<break time=""100ms""/> over,<break time=""100ms""/> superscript sixteen, capital O,<break time=""100ms""/> close parenthesis,<break time=""100ms""/> subscript sample,<break time=""200ms""/> and whose denominator is,<break time=""150ms""/> open parenthesis,<break time=""100ms""/> superscript eighteen, capital O,<break time=""100ms""/> over,<break time=""100ms""/> superscript sixteen, capital O,<break time=""100ms""/> close parenthesis,<break time=""100ms""/> subscript standard,<break time=""200ms""/> close fraction,<break time=""150ms""/> <emphasis level=""moderate"">minus one</emphasis>,<break time=""150ms""/> close parenthesis,<break time=""150ms""/> times one thousand,<break time=""150ms""/> <emphasis level=""moderate"">per mille.</emphasis></prosody>",3,1,4,study3_r3,4A,4,"Brackets and grouping (e.g. ""(..)"" or ""{..}"")",4,4,4,,2026/07/08 11:49:10 PM OESZ,4,4,4,4,4,Female,55-64,Germany,Master's Degree (or comparable university degree),Humanities and Languages,"Secondary school mathematics (functions, logarithms, trigonometry)",Intermediate (B1-B2),Smartphone,"Built-in speakers (in smartphone, notebook, tablet, etc.)",40.907666666666664
3,https://en.wikipedia.org/wiki/Delta-O-18|{\displaystyle \delta ^{18}O={\Biggl (}{\frac {{\bigl (}{\frac {^{18}O}{^{16}O}}{\bigr )}_{sample}}{{\bigl (}{\frac {^{18}O}{^{16}O}}{\bigr )}_{standard}}}-1{\Biggr )}*1000\ ^{o}\!/\!_{oo}},Chemistry,31-40,34,{\displaystyle \delta ^{18}O={\Biggl (}{\frac {{\bigl (}{\frac {^{18}O}{^{16}O}}{\bigr )}_{sample}}{{\bigl (}{\frac {^{18}O}{^{16}O}}{\bigr )}_{standard}}}-1{\Biggr )}*1000\ ^{o}\!/\!_{oo}},https://en.wikipedia.org/wiki/Delta-O-18,standard,"Delta superscript eighteen, capital O, equals, open parenthesis, the fraction whose numerator is, open parenthesis, superscript eighteen, capital O, over, superscript sixteen, capital O, close parenthesis, subscript sample, and whose denominator is, open parenthesis, superscript eighteen, capital O, over, superscript sixteen, capital O, close parenthesis, subscript standard, close fraction, minus one, close parenthesis, times one thousand, per mille.","<prosody rate=""slow"">Delta superscript eighteen, capital O, equals,<break time=""200ms""/> open parenthesis,<break time=""150ms""/> the fraction whose numerator is,<break time=""150ms""/> open parenthesis,<break time=""100ms""/> superscript eighteen, capital O,<break time=""100ms""/> over,<break time=""100ms""/> superscript sixteen, capital O,<break time=""100ms""/> close parenthesis,<break time=""100ms""/> subscript sample,<break time=""200ms""/> and whose denominator is,<break time=""150ms""/> open parenthesis,<break time=""100ms""/> superscript eighteen, capital O,<break time=""100ms""/> over,<break time=""100ms""/> superscript sixteen, capital O,<break time=""100ms""/> close parenthesis,<break time=""100ms""/> subscript standard,<break time=""200ms""/> close fraction,<break time=""150ms""/> <emphasis level=""moderate"">minus one</emphasis>,<break time=""150ms""/> close parenthesis,<break time=""150ms""/> times one thousand,<break time=""150ms""/> <emphasis level=""moderate"">per mille.</emphasis></prosody>",3,1,4,study3_r4,4A,3,Fractions and divisions structures;Superscripts and exponents;Subscripts and indices,4,4,4,,2026/07/10 12:03:10 PM OESZ,4,4,4,4,3,Male,35-44,Germany,Bachelor's Degree (or comparable university degree),Statistics;Computer Science,"Undergraduate-level mathematics (calculus, matrices, vectors, statistics)",Advanced (C1),Laptop,"Built-in speakers (in smartphone, notebook, tablet, etc.)",40.907666666666664
3,https://en.wikipedia.org/wiki/Delta-O-18|{\displaystyle \delta ^{18}O={\Biggl (}{\frac {{\bigl (}{\frac {^{18}O}{^{16}O}}{\bigr )}_{sample}}{{\bigl (}{\frac {^{18}O}{^{16}O}}{\bigr )}_{standard}}}-1{\Biggr )}*1000\ ^{o}\!/\!_{oo}},Chemistry,31-40,34,{\displaystyle \delta ^{18}O={\Biggl (}{\frac {{\bigl (}{\frac {^{18}O}{^{16}O}}{\bigr )}_{sample}}{{\bigl (}{\frac {^{18}O}{^{16}O}}{\bigr )}_{standard}}}-1{\Biggr )}*1000\ ^{o}\!/\!_{oo}},https://en.wikipedia.org/wiki/Delta-O-18,standard,"Delta superscript eighteen, capital O, equals, open parenthesis, the fraction whose numerator is, open parenthesis, superscript eighteen, capital O, over, superscript sixteen, capital O, close parenthesis, subscript sample, and whose denominator is, open parenthesis, superscript eighteen, capital O, over, superscript sixteen, capital O, close parenthesis, subscript standard, close fraction, minus one, close parenthesis, times one thousand, per mille.","<prosody rate=""slow"">Delta superscript eighteen, capital O, equals,<break time=""200ms""/> open parenthesis,<break time=""150ms""/> the fraction whose numerator is,<break time=""150ms""/> open parenthesis,<break time=""100ms""/> superscript eighteen, capital O,<break time=""100ms""/> over,<break time=""100ms""/> superscript sixteen, capital O,<break time=""100ms""/> close parenthesis,<break time=""100ms""/> subscript sample,<break time=""200ms""/> and whose denominator is,<break time=""150ms""/> open parenthesis,<break time=""100ms""/> superscript eighteen, capital O,<break time=""100ms""/> over,<break time=""100ms""/> superscript sixteen, capital O,<break time=""100ms""/> close parenthesis,<break time=""100ms""/> subscript standard,<break time=""200ms""/> close fraction,<break time=""150ms""/> <emphasis level=""moderate"">minus one</emphasis>,<break time=""150ms""/> close parenthesis,<break time=""150ms""/> times one thousand,<break time=""150ms""/> <emphasis level=""moderate"">per mille.</emphasis></prosody>",3,1,4,study3_r5,4A,4,Superscripts and exponents,4,4,4,,2026/07/14 1:36:14 AM OESZ,4,4,4,4,3,Male,25-34,Germany,Doctorate / PhD (or comparable university degree),Mathematics;Computer Science,"Advanced university mathematics (proofs, abstract algebra, advanced calculus, etc.)",Advanced (C1),Laptop,Headphones,40.907666666666664
17,"https://en.wikipedia.org/wiki/Brewster%27s_angle|{\displaystyle \theta _{\mathrm {B} }=\arctan \!\left({\frac {n_{2}}{n_{1}}}\right)\!,}",Physics,11-20,15,"{\displaystyle \theta _{\mathrm {B} }=\arctan \!\left({\frac {n_{2}}{n_{1}}}\right)\!,}",https://en.wikipedia.org/wiki/Brewster%27s_angle,standard,"Lowercase theta subscript capital B, equals, the arctangent of the quantity, open parenthesis, n subscript two divided by, n subscript one, close parenthesis.","<prosody rate=""slow"">Lowercase theta subscript capital B,<break time=""250ms""/> equals,<break time=""300ms""/> <emphasis level=""moderate"">the arctangent</emphasis> of the quantity,<break time=""200ms""/> open parenthesis,<break time=""200ms""/> <prosody rate=""x-slow"">n subscript two divided by,<break time=""150ms""/> n subscript one</prosody>,<break time=""200ms""/> close parenthesis.</prosody>",3,2,18,study3_r1,18A,4,"Mathematical symbols and operators (e.g. ""+"", ""-"", sum or integral)",4,4,4,,2026/06/28 7:53:57 PM OESZ,4,4,3,4,3,Male,35-44,Germany,Master's Degree (or comparable university degree),Economics;Computer Science,"Advanced university mathematics (proofs, abstract algebra, advanced calculus, etc.)",Advanced (C1),Smartphone,Earbuds,14.889833333333334
17,"https://en.wikipedia.org/wiki/Brewster%27s_angle|{\displaystyle \theta _{\mathrm {B} }=\arctan \!\left({\frac {n_{2}}{n_{1}}}\right)\!,}",Physics,11-20,15,"{\displaystyle \theta _{\mathrm {B} }=\arctan \!\left({\frac {n_{2}}{n_{1}}}\right)\!,}",https://en.wikipedia.org/wiki/Brewster%27s_angle,standard,"Lowercase theta subscript capital B, equals, the arctangent of the quantity, open parenthesis, n subscript two divided by, n subscript one, close parenthesis.","<prosody rate=""slow"">Lowercase theta subscript capital B,<break time=""250ms""/> equals,<break time=""300ms""/> <emphasis level=""moderate"">the arctangent</emphasis> of the quantity,<break time=""200ms""/> open parenthesis,<break time=""200ms""/> <prosody rate=""x-slow"">n subscript two divided by,<break time=""150ms""/> n subscript one</prosody>,<break time=""200ms""/> close parenthesis.</prosody>",3,2,18,study3_r2,18A,4,"Mathematical symbols and operators (e.g. ""+"", ""-"", sum or integral)",5,5,4,,2026/07/04 3:08:54 PM OESZ,4,4,3,4,3,Male,25-34,Germany,Bachelor's Degree (or comparable university degree),Mathematics;Statistics,"Advanced university mathematics (proofs, abstract algebra, advanced calculus, etc.)",Advanced (C1),Desktop computer,Headphones,14.889833333333334
17,"https://en.wikipedia.org/wiki/Brewster%27s_angle|{\displaystyle \theta _{\mathrm {B} }=\arctan \!\left({\frac {n_{2}}{n_{1}}}\right)\!,}",Physics,11-20,15,"{\displaystyle \theta _{\mathrm {B} }=\arctan \!\left({\frac {n_{2}}{n_{1}}}\right)\!,}",https://en.wikipedia.org/wiki/Brewster%27s_angle,standard,"Lowercase theta subscript capital B, equals, the arctangent of the quantity, open parenthesis, n subscript two divided by, n subscript one, close parenthesis.","<prosody rate=""slow"">Lowercase theta subscript capital B,<break time=""250ms""/> equals,<break time=""300ms""/> <emphasis level=""moderate"">the arctangent</emphasis> of the quantity,<break time=""200ms""/> open parenthesis,<break time=""200ms""/> <prosody rate=""x-slow"">n subscript two divided by,<break time=""150ms""/> n subscript one</prosody>,<break time=""200ms""/> close parenthesis.</prosody>",3,2,18,study3_r3,18A,3,"Brackets and grouping (e.g. ""(..)"" or ""{..}"")",3,3,3,,2026/07/08 11:49:10 PM OESZ,4,4,4,4,4,Female,55-64,Germany,Master's Degree (or comparable university degree),Humanities and Languages,"Secondary school mathematics (functions, logarithms, trigonometry)",Intermediate (B1-B2),Smartphone,"Built-in speakers (in smartphone, notebook, tablet, etc.)",14.889833333333334
17,"https://en.wikipedia.org/wiki/Brewster%27s_angle|{\displaystyle \theta _{\mathrm {B} }=\arctan \!\left({\frac {n_{2}}{n_{1}}}\right)\!,}",Physics,11-20,15,"{\displaystyle \theta _{\mathrm {B} }=\arctan \!\left({\frac {n_{2}}{n_{1}}}\right)\!,}",https://en.wikipedia.org/wiki/Brewster%27s_angle,standard,"Lowercase theta subscript capital B, equals, the arctangent of the quantity, open parenthesis, n subscript two divided by, n subscript one, close parenthesis.","<prosody rate=""slow"">Lowercase theta subscript capital B,<break time=""250ms""/> equals,<break time=""300ms""/> <emphasis level=""moderate"">the arctangent</emphasis> of the quantity,<break time=""200ms""/> open parenthesis,<break time=""200ms""/> <prosody rate=""x-slow"">n subscript two divided by,<break time=""150ms""/> n subscript one</prosody>,<break time=""200ms""/> close parenthesis.</prosody>",3,2,18,study3_r4,18A,4,Capitalization,3,4,3,,2026/07/10 12:03:10 PM OESZ,4,4,4,4,3,Male,35-44,Germany,Bachelor's Degree (or comparable university degree),Statistics;Computer Science,"Undergraduate-level mathematics (calculus, matrices, vectors, statistics)",Advanced (C1),Laptop,"Built-in speakers (in smartphone, notebook, tablet, etc.)",14.889833333333334
17,"https://en.wikipedia.org/wiki/Brewster%27s_angle|{\displaystyle \theta _{\mathrm {B} }=\arctan \!\left({\frac {n_{2}}{n_{1}}}\right)\!,}",Physics,11-20,15,"{\displaystyle \theta _{\mathrm {B} }=\arctan \!\left({\frac {n_{2}}{n_{1}}}\right)\!,}",https://en.wikipedia.org/wiki/Brewster%27s_angle,standard,"Lowercase theta subscript capital B, equals, the arctangent of the quantity, open parenthesis, n subscript two divided by, n subscript one, close parenthesis.","<prosody rate=""slow"">Lowercase theta subscript capital B,<break time=""250ms""/> equals,<break time=""300ms""/> <emphasis level=""moderate"">the arctangent</emphasis> of the quantity,<break time=""200ms""/> open parenthesis,<break time=""200ms""/> <prosody rate=""x-slow"">n subscript two divided by,<break time=""150ms""/> n subscript one</prosody>,<break time=""200ms""/> close parenthesis.</prosody>",3,2,18,study3_r5,18A,4,"Brackets and grouping (e.g. ""(..)"" or ""{..}"")",4,4,4,,2026/07/14 1:36:14 AM OESZ,4,4,4,4,3,Male,25-34,Germany,Doctorate / PhD (or comparable university degree),Mathematics;Computer Science,"Advanced university mathematics (proofs, abstract algebra, advanced calculus, etc.)",Advanced (C1),Laptop,Headphones,14.889833333333334
32,"http://en.wikipedia.org/wiki/McCallum_rule|m_t\,",Economics,1-10,3,"m_t\,",http://en.wikipedia.org/wiki/McCallum_rule,extended,"m subscript t, the natural logarithm of the monetary base at time t in quarters.","<prosody rate=""medium""><emphasis>m subscript t</emphasis><break time=""200ms""/>, the natural logarithm of the monetary base at time <emphasis>t</emphasis> in quarters.</prosody>",3,3,9,study3_r1,9B,5,Nothing was difficult,4,3,3,4.0,2026/06/28 7:53:57 PM OESZ,4,4,3,4,3,Male,35-44,Germany,Master's Degree (or comparable university degree),Economics;Computer Science,"Advanced university mathematics (proofs, abstract algebra, advanced calculus, etc.)",Advanced (C1),Smartphone,Earbuds,5.2245
32,"http://en.wikipedia.org/wiki/McCallum_rule|m_t\,",Economics,1-10,3,"m_t\,",http://en.wikipedia.org/wiki/McCallum_rule,extended,"m subscript t, the natural logarithm of the monetary base at time t in quarters.","<prosody rate=""medium""><emphasis>m subscript t</emphasis><break time=""200ms""/>, the natural logarithm of the monetary base at time <emphasis>t</emphasis> in quarters.</prosody>",3,3,9,study3_r2,9B,5,Nothing was difficult,4,4,3,4.0,2026/07/04 3:08:54 PM OESZ,4,4,3,4,3,Male,25-34,Germany,Bachelor's Degree (or comparable university degree),Mathematics;Statistics,"Advanced university mathematics (proofs, abstract algebra, advanced calculus, etc.)",Advanced (C1),Desktop computer,Headphones,5.2245
32,"http://en.wikipedia.org/wiki/McCallum_rule|m_t\,",Economics,1-10,3,"m_t\,",http://en.wikipedia.org/wiki/McCallum_rule,extended,"m subscript t, the natural logarithm of the monetary base at time t in quarters.","<prosody rate=""medium""><emphasis>m subscript t</emphasis><break time=""200ms""/>, the natural logarithm of the monetary base at time <emphasis>t</emphasis> in quarters.</prosody>",3,3,9,study3_r3,9B,4,Nothing was difficult,4,4,4,4.0,2026/07/08 11:49:10 PM OESZ,4,4,4,4,4,Female,55-64,Germany,Master's Degree (or comparable university degree),Humanities and Languages,"Secondary school mathematics (functions, logarithms, trigonometry)",Intermediate (B1-B2),Smartphone,"Built-in speakers (in smartphone, notebook, tablet, etc.)",5.2245
32,"http://en.wikipedia.org/wiki/McCallum_rule|m_t\,",Economics,1-10,3,"m_t\,",http://en.wikipedia.org/wiki/McCallum_rule,extended,"m subscript t, the natural logarithm of the monetary base at time t in quarters.","<prosody rate=""medium""><emphasis>m subscript t</emphasis><break time=""200ms""/>, the natural logarithm of the monetary base at time <emphasis>t</emphasis> in quarters.</prosody>",3,3,9,study3_r4,9B,5,Nothing was difficult,4,4,4,3.0,2026/07/10 12:03:10 PM OESZ,4,4,4,4,3,Male,35-44,Germany,Bachelor's Degree (or comparable university degree),Statistics;Computer Science,"Undergraduate-level mathematics (calculus, matrices, vectors, statistics)",Advanced (C1),Laptop,"Built-in speakers (in smartphone, notebook, tablet, etc.)",5.2245
32,"http://en.wikipedia.org/wiki/McCallum_rule|m_t\,",Economics,1-10,3,"m_t\,",http://en.wikipedia.org/wiki/McCallum_rule,extended,"m subscript t, the natural logarithm of the monetary base at time t in quarters.","<prosody rate=""medium""><emphasis>m subscript t</emphasis><break time=""200ms""/>, the natural logarithm of the monetary base at time <emphasis>t</emphasis> in quarters.</prosody>",3,3,9,study3_r5,9B,5,Nothing was difficult,4,4,3,2.0,2026/07/14 1:36:14 AM OESZ,4,4,4,4,3,Male,25-34,Germany,Doctorate / PhD (or comparable university degree),Mathematics;Computer Science,"Advanced university mathematics (proofs, abstract algebra, advanced calculus, etc.)",Advanced (C1),Laptop,Headphones,5.2245
34,https://en.wikipedia.org/wiki/Vector_autoregression|{\displaystyle y_{t}=c+A_{1}y_{t-1}+A_{2}y_{t-2}+e_{t}},Economics,21-30,25,{\displaystyle y_{t}=c+A_{1}y_{t-1}+A_{2}y_{t-2}+e_{t}},https://en.wikipedia.org/wiki/Vector_autoregression,extended,"Lowercase y sub t equals, lowercase c, plus, capital A sub one, times, lowercase y sub t minus one, plus, capital A sub two, times, lowercase y sub t minus two, plus, lowercase e sub t, which is a V A R model with two lags.","<prosody rate=""slow"">Lowercase y sub t equals,<break time=""300ms""/> lowercase c,<break time=""200ms""/> plus,<break time=""250ms""/> <emphasis>capital A sub one</emphasis>,<break time=""200ms""/> times,<break time=""200ms""/> lowercase y sub t minus one,<break time=""300ms""/> plus,<break time=""250ms""/> <emphasis>capital A sub two</emphasis>,<break time=""200ms""/> times,<break time=""200ms""/> lowercase y sub t minus two,<break time=""300ms""/> plus,<break time=""250ms""/> lowercase e sub t,<break time=""350ms""/> which is a V A R model with two lags.</prosody>",3,4,11,study3_r1,11B,3,Subscripts and indices,3,4,3,2.0,2026/06/28 7:53:57 PM OESZ,4,4,3,4,3,Male,35-44,Germany,Master's Degree (or comparable university degree),Economics;Computer Science,"Advanced university mathematics (proofs, abstract algebra, advanced calculus, etc.)",Advanced (C1),Smartphone,Earbuds,24.999166666666667
34,https://en.wikipedia.org/wiki/Vector_autoregression|{\displaystyle y_{t}=c+A_{1}y_{t-1}+A_{2}y_{t-2}+e_{t}},Economics,21-30,25,{\displaystyle y_{t}=c+A_{1}y_{t-1}+A_{2}y_{t-2}+e_{t}},https://en.wikipedia.org/wiki/Vector_autoregression,extended,"Lowercase y sub t equals, lowercase c, plus, capital A sub one, times, lowercase y sub t minus one, plus, capital A sub two, times, lowercase y sub t minus two, plus, lowercase e sub t, which is a V A R model with two lags.","<prosody rate=""slow"">Lowercase y sub t equals,<break time=""300ms""/> lowercase c,<break time=""200ms""/> plus,<break time=""250ms""/> <emphasis>capital A sub one</emphasis>,<break time=""200ms""/> times,<break time=""200ms""/> lowercase y sub t minus one,<break time=""300ms""/> plus,<break time=""250ms""/> <emphasis>capital A sub two</emphasis>,<break time=""200ms""/> times,<break time=""200ms""/> lowercase y sub t minus two,<break time=""300ms""/> plus,<break time=""250ms""/> lowercase e sub t,<break time=""350ms""/> which is a V A R model with two lags.</prosody>",3,4,11,study3_r2,11B,3,Subscripts and indices,3,4,2,3.0,2026/07/04 3:08:54 PM OESZ,4,4,3,4,3,Male,25-34,Germany,Bachelor's Degree (or comparable university degree),Mathematics;Statistics,"Advanced university mathematics (proofs, abstract algebra, advanced calculus, etc.)",Advanced (C1),Desktop computer,Headphones,24.999166666666667
34,https://en.wikipedia.org/wiki/Vector_autoregression|{\displaystyle y_{t}=c+A_{1}y_{t-1}+A_{2}y_{t-2}+e_{t}},Economics,21-30,25,{\displaystyle y_{t}=c+A_{1}y_{t-1}+A_{2}y_{t-2}+e_{t}},https://en.wikipedia.org/wiki/Vector_autoregression,extended,"Lowercase y sub t equals, lowercase c, plus, capital A sub one, times, lowercase y sub t minus one, plus, capital A sub two, times, lowercase y sub t minus two, plus, lowercase e sub t, which is a V A R model with two lags.","<prosody rate=""slow"">Lowercase y sub t equals,<break time=""300ms""/> lowercase c,<break time=""200ms""/> plus,<break time=""250ms""/> <emphasis>capital A sub one</emphasis>,<break time=""200ms""/> times,<break time=""200ms""/> lowercase y sub t minus one,<break time=""300ms""/> plus,<break time=""250ms""/> <emphasis>capital A sub two</emphasis>,<break time=""200ms""/> times,<break time=""200ms""/> lowercase y sub t minus two,<break time=""300ms""/> plus,<break time=""250ms""/> lowercase e sub t,<break time=""350ms""/> which is a V A R model with two lags.</prosody>",3,4,11,study3_r3,11B,3,Subscripts and indices,3,3,3,3.0,2026/07/08 11:49:10 PM OESZ,4,4,4,4,4,Female,55-64,Germany,Master's Degree (or comparable university degree),Humanities and Languages,"Secondary school mathematics (functions, logarithms, trigonometry)",Intermediate (B1-B2),Smartphone,"Built-in speakers (in smartphone, notebook, tablet, etc.)",24.999166666666667
34,https://en.wikipedia.org/wiki/Vector_autoregression|{\displaystyle y_{t}=c+A_{1}y_{t-1}+A_{2}y_{t-2}+e_{t}},Economics,21-30,25,{\displaystyle y_{t}=c+A_{1}y_{t-1}+A_{2}y_{t-2}+e_{t}},https://en.wikipedia.org/wiki/Vector_autoregression,extended,"Lowercase y sub t equals, lowercase c, plus, capital A sub one, times, lowercase y sub t minus one, plus, capital A sub two, times, lowercase y sub t minus two, plus, lowercase e sub t, which is a V A R model with two lags.","<prosody rate=""slow"">Lowercase y sub t equals,<break time=""300ms""/> lowercase c,<break time=""200ms""/> plus,<break time=""250ms""/> <emphasis>capital A sub one</emphasis>,<break time=""200ms""/> times,<break time=""200ms""/> lowercase y sub t minus one,<break time=""300ms""/> plus,<break time=""250ms""/> <emphasis>capital A sub two</emphasis>,<break time=""200ms""/> times,<break time=""200ms""/> lowercase y sub t minus two,<break time=""300ms""/> plus,<break time=""250ms""/> lowercase e sub t,<break time=""350ms""/> which is a V A R model with two lags.</prosody>",3,4,11,study3_r4,11B,4,Subscripts and indices;Capitalization,4,4,3,3.0,2026/07/10 12:03:10 PM OESZ,4,4,4,4,3,Male,35-44,Germany,Bachelor's Degree (or comparable university degree),Statistics;Computer Science,"Undergraduate-level mathematics (calculus, matrices, vectors, statistics)",Advanced (C1),Laptop,"Built-in speakers (in smartphone, notebook, tablet, etc.)",24.999166666666667
34,https://en.wikipedia.org/wiki/Vector_autoregression|{\displaystyle y_{t}=c+A_{1}y_{t-1}+A_{2}y_{t-2}+e_{t}},Economics,21-30,25,{\displaystyle y_{t}=c+A_{1}y_{t-1}+A_{2}y_{t-2}+e_{t}},https://en.wikipedia.org/wiki/Vector_autoregression,extended,"Lowercase y sub t equals, lowercase c, plus, capital A sub one, times, lowercase y sub t minus one, plus, capital A sub two, times, lowercase y sub t minus two, plus, lowercase e sub t, which is a V A R model with two lags.","<prosody rate=""slow"">Lowercase y sub t equals,<break time=""300ms""/> lowercase c,<break time=""200ms""/> plus,<break time=""250ms""/> <emphasis>capital A sub one</emphasis>,<break time=""200ms""/> times,<break time=""200ms""/> lowercase y sub t minus one,<break time=""300ms""/> plus,<break time=""250ms""/> <emphasis>capital A sub two</emphasis>,<break time=""200ms""/> times,<break time=""200ms""/> lowercase y sub t minus two,<break time=""300ms""/> plus,<break time=""250ms""/> lowercase e sub t,<break time=""350ms""/> which is a V A R model with two lags.</prosody>",3,4,11,study3_r5,11B,3,Subscripts and indices,3,4,3,3.0,2026/07/14 1:36:14 AM OESZ,4,4,4,4,3,Male,25-34,Germany,Doctorate / PhD (or comparable university degree),Mathematics;Computer Science,"Advanced university mathematics (proofs, abstract algebra, advanced calculus, etc.)",Advanced (C1),Laptop,Headphones,24.999166666666667
15,https://en.wikipedia.org/wiki/Analytic_signal|{\displaystyle s_{\mathrm {a} }(t)=s(t)*\underbrace {\left[\delta (t)+j{1 \over \pi t}\right]} _{{\mathcal {F}}^{-1}\{2u(f)\}}.},Mathematics,31-40,33,{\displaystyle s_{\mathrm {a} }(t)=s(t)*\underbrace {\left[\delta (t)+j{1 \over \pi t}\right]} _{{\mathcal {F}}^{-1}\{2u(f)\}}.},https://en.wikipedia.org/wiki/Analytic_signal,standard,"Lowercase s sub a of lowercase t, equals, lowercase s of lowercase t, asterisk, open square bracket, delta of lowercase t, plus lowercase j, one over pi times lowercase t, close square bracket, this square bracket is curly underbraced, sub, calligraphic capital F to the power of minus one, of open curly brace, two lowercase u of open parenthesis lowercase f close parenthesis, close curly brace.","<prosody rate=""slow"">Lowercase s sub a of lowercase t, equals, lowercase s of lowercase t, asterisk, <break time=""200ms""/>open square bracket, <break time=""150ms""/>delta of lowercase t, <break time=""150ms""/><emphasis>plus</emphasis> lowercase j, <break time=""120ms""/>one over pi times lowercase t, <break time=""150ms""/>close square bracket, <break time=""200ms""/>this square bracket is <emphasis>curly underbraced</emphasis>, <break time=""120ms""/>sub, <break time=""120ms""/><emphasis>calligraphic capital F to the power of minus one</emphasis>, <break time=""120ms""/>of open curly brace, <break time=""120ms""/>two lowercase u of open parenthesis lowercase f close parenthesis, <break time=""120ms""/>close curly brace.</prosody>",3,5,16,study3_r1,16A,2,"Brackets and grouping (e.g. ""(..)"" or ""{..}"");Fractions and divisions structures;Mathematical symbols and operators (e.g. ""+"", ""-"", sum or integral)",3,3,2,,2026/06/28 7:53:57 PM OESZ,4,4,3,4,3,Male,35-44,Germany,Master's Degree (or comparable university degree),Economics;Computer Science,"Advanced university mathematics (proofs, abstract algebra, advanced calculus, etc.)",Advanced (C1),Smartphone,Earbuds,34.82116666666667
15,https://en.wikipedia.org/wiki/Analytic_signal|{\displaystyle s_{\mathrm {a} }(t)=s(t)*\underbrace {\left[\delta (t)+j{1 \over \pi t}\right]} _{{\mathcal {F}}^{-1}\{2u(f)\}}.},Mathematics,31-40,33,{\displaystyle s_{\mathrm {a} }(t)=s(t)*\underbrace {\left[\delta (t)+j{1 \over \pi t}\right]} _{{\mathcal {F}}^{-1}\{2u(f)\}}.},https://en.wikipedia.org/wiki/Analytic_signal,standard,"Lowercase s sub a of lowercase t, equals, lowercase s of lowercase t, asterisk, open square bracket, delta of lowercase t, plus lowercase j, one over pi times lowercase t, close square bracket, this square bracket is curly underbraced, sub, calligraphic capital F to the power of minus one, of open curly brace, two lowercase u of open parenthesis lowercase f close parenthesis, close curly brace.","<prosody rate=""slow"">Lowercase s sub a of lowercase t, equals, lowercase s of lowercase t, asterisk, <break time=""200ms""/>open square bracket, <break time=""150ms""/>delta of lowercase t, <break time=""150ms""/><emphasis>plus</emphasis> lowercase j, <break time=""120ms""/>one over pi times lowercase t, <break time=""150ms""/>close square bracket, <break time=""200ms""/>this square bracket is <emphasis>curly underbraced</emphasis>, <break time=""120ms""/>sub, <break time=""120ms""/><emphasis>calligraphic capital F to the power of minus one</emphasis>, <break time=""120ms""/>of open curly brace, <break time=""120ms""/>two lowercase u of open parenthesis lowercase f close parenthesis, <break time=""120ms""/>close curly brace.</prosody>",3,5,16,study3_r2,16A,3,"Brackets and grouping (e.g. ""(..)"" or ""{..}"");Greek letters",4,4,2,,2026/07/04 3:08:54 PM OESZ,4,4,3,4,3,Male,25-34,Germany,Bachelor's Degree (or comparable university degree),Mathematics;Statistics,"Advanced university mathematics (proofs, abstract algebra, advanced calculus, etc.)",Advanced (C1),Desktop computer,Headphones,34.82116666666667
15,https://en.wikipedia.org/wiki/Analytic_signal|{\displaystyle s_{\mathrm {a} }(t)=s(t)*\underbrace {\left[\delta (t)+j{1 \over \pi t}\right]} _{{\mathcal {F}}^{-1}\{2u(f)\}}.},Mathematics,31-40,33,{\displaystyle s_{\mathrm {a} }(t)=s(t)*\underbrace {\left[\delta (t)+j{1 \over \pi t}\right]} _{{\mathcal {F}}^{-1}\{2u(f)\}}.},https://en.wikipedia.org/wiki/Analytic_signal,standard,"Lowercase s sub a of lowercase t, equals, lowercase s of lowercase t, asterisk, open square bracket, delta of lowercase t, plus lowercase j, one over pi times lowercase t, close square bracket, this square bracket is curly underbraced, sub, calligraphic capital F to the power of minus one, of open curly brace, two lowercase u of open parenthesis lowercase f close parenthesis, close curly brace.","<prosody rate=""slow"">Lowercase s sub a of lowercase t, equals, lowercase s of lowercase t, asterisk, <break time=""200ms""/>open square bracket, <break time=""150ms""/>delta of lowercase t, <break time=""150ms""/><emphasis>plus</emphasis> lowercase j, <break time=""120ms""/>one over pi times lowercase t, <break time=""150ms""/>close square bracket, <break time=""200ms""/>this square bracket is <emphasis>curly underbraced</emphasis>, <break time=""120ms""/>sub, <break time=""120ms""/><emphasis>calligraphic capital F to the power of minus one</emphasis>, <break time=""120ms""/>of open curly brace, <break time=""120ms""/>two lowercase u of open parenthesis lowercase f close parenthesis, <break time=""120ms""/>close curly brace.</prosody>",3,5,16,study3_r3,16A,3,"Brackets and grouping (e.g. ""(..)"" or ""{..}"")",3,2,2,,2026/07/08 11:49:10 PM OESZ,4,4,4,4,4,Female,55-64,Germany,Master's Degree (or comparable university degree),Humanities and Languages,"Secondary school mathematics (functions, logarithms, trigonometry)",Intermediate (B1-B2),Smartphone,"Built-in speakers (in smartphone, notebook, tablet, etc.)",34.82116666666667
15,https://en.wikipedia.org/wiki/Analytic_signal|{\displaystyle s_{\mathrm {a} }(t)=s(t)*\underbrace {\left[\delta (t)+j{1 \over \pi t}\right]} _{{\mathcal {F}}^{-1}\{2u(f)\}}.},Mathematics,31-40,33,{\displaystyle s_{\mathrm {a} }(t)=s(t)*\underbrace {\left[\delta (t)+j{1 \over \pi t}\right]} _{{\mathcal {F}}^{-1}\{2u(f)\}}.},https://en.wikipedia.org/wiki/Analytic_signal,standard,"Lowercase s sub a of lowercase t, equals, lowercase s of lowercase t, asterisk, open square bracket, delta of lowercase t, plus lowercase j, one over pi times lowercase t, close square bracket, this square bracket is curly underbraced, sub, calligraphic capital F to the power of minus one, of open curly brace, two lowercase u of open parenthesis lowercase f close parenthesis, close curly brace.","<prosody rate=""slow"">Lowercase s sub a of lowercase t, equals, lowercase s of lowercase t, asterisk, <break time=""200ms""/>open square bracket, <break time=""150ms""/>delta of lowercase t, <break time=""150ms""/><emphasis>plus</emphasis> lowercase j, <break time=""120ms""/>one over pi times lowercase t, <break time=""150ms""/>close square bracket, <break time=""200ms""/>this square bracket is <emphasis>curly underbraced</emphasis>, <break time=""120ms""/>sub, <break time=""120ms""/><emphasis>calligraphic capital F to the power of minus one</emphasis>, <break time=""120ms""/>of open curly brace, <break time=""120ms""/>two lowercase u of open parenthesis lowercase f close parenthesis, <break time=""120ms""/>close curly brace.</prosody>",3,5,16,study3_r4,16A,2,"Brackets and grouping (e.g. ""(..)"" or ""{..}"");Fractions and divisions structures;Mathematical symbols and operators (e.g. ""+"", ""-"", sum or integral);Greek letters",2,3,2,,2026/07/10 12:03:10 PM OESZ,4,4,4,4,3,Male,35-44,Germany,Bachelor's Degree (or comparable university degree),Statistics;Computer Science,"Undergraduate-level mathematics (calculus, matrices, vectors, statistics)",Advanced (C1),Laptop,"Built-in speakers (in smartphone, notebook, tablet, etc.)",34.82116666666667
15,https://en.wikipedia.org/wiki/Analytic_signal|{\displaystyle s_{\mathrm {a} }(t)=s(t)*\underbrace {\left[\delta (t)+j{1 \over \pi t}\right]} _{{\mathcal {F}}^{-1}\{2u(f)\}}.},Mathematics,31-40,33,{\displaystyle s_{\mathrm {a} }(t)=s(t)*\underbrace {\left[\delta (t)+j{1 \over \pi t}\right]} _{{\mathcal {F}}^{-1}\{2u(f)\}}.},https://en.wikipedia.org/wiki/Analytic_signal,standard,"Lowercase s sub a of lowercase t, equals, lowercase s of lowercase t, asterisk, open square bracket, delta of lowercase t, plus lowercase j, one over pi times lowercase t, close square bracket, this square bracket is curly underbraced, sub, calligraphic capital F to the power of minus one, of open curly brace, two lowercase u of open parenthesis lowercase f close parenthesis, close curly brace.","<prosody rate=""slow"">Lowercase s sub a of lowercase t, equals, lowercase s of lowercase t, asterisk, <break time=""200ms""/>open square bracket, <break time=""150ms""/>delta of lowercase t, <break time=""150ms""/><emphasis>plus</emphasis> lowercase j, <break time=""120ms""/>one over pi times lowercase t, <break time=""150ms""/>close square bracket, <break time=""200ms""/>this square bracket is <emphasis>curly underbraced</emphasis>, <break time=""120ms""/>sub, <break time=""120ms""/><emphasis>calligraphic capital F to the power of minus one</emphasis>, <break time=""120ms""/>of open curly brace, <break time=""120ms""/>two lowercase u of open parenthesis lowercase f close parenthesis, <break time=""120ms""/>close curly brace.</prosody>",3,5,16,study3_r5,16A,3,"Brackets and grouping (e.g. ""(..)"" or ""{..}"");Fractions and divisions structures",3,4,3,,2026/07/14 1:36:14 AM OESZ,4,4,4,4,3,Male,25-34,Germany,Doctorate / PhD (or comparable university degree),Mathematics;Computer Science,"Advanced university mathematics (proofs, abstract algebra, advanced calculus, etc.)",Advanced (C1),Laptop,Headphones,34.82116666666667
45,"https://en.wikipedia.org/wiki/Repeated_median_regression|{\displaystyle {\widehat {B}}={\underset {i}{\operatorname {median} }}\ {\underset {j\,\neq \,i}{\operatorname {median} }}\ \operatorname {slope} (i,j)}",Statistics,11-20,12,"{\displaystyle {\widehat {B}}={\underset {i}{\operatorname {median} }}\ {\underset {j\,\neq \,i}{\operatorname {median} }}\ \operatorname {slope} (i,j)}",https://en.wikipedia.org/wiki/Repeated_median_regression,extended,"Capital B hat, equals the ""median"" over all data points i, of the ""median"" for each i over all other data points, j not equal to i, of the ""slope"" of, open parenthesis, i comma j, close parenthesis, where this respresents the estimated slope","<prosody rate=""medium"">Capital B hat, equals the <emphasis>""median""</emphasis> over all data points i,<break time=""250ms""/> of the <emphasis>""median""</emphasis> for each i over all other data points,<break time=""200ms""/> j not equal to i,<break time=""250ms""/> of the <emphasis>""slope""</emphasis> of,<break time=""150ms""/> open parenthesis, i comma j, close parenthesis,<break time=""250ms""/> where this respresents the estimated slope</prosody>",3,6,22,study3_r1,22B,2,Subscripts and indices;Variable names,2,2,1,2.0,2026/06/28 7:53:57 PM OESZ,4,4,3,4,3,Male,35-44,Germany,Master's Degree (or comparable university degree),Economics;Computer Science,"Advanced university mathematics (proofs, abstract algebra, advanced calculus, etc.)",Advanced (C1),Smartphone,Earbuds,15.9085
45,"https://en.wikipedia.org/wiki/Repeated_median_regression|{\displaystyle {\widehat {B}}={\underset {i}{\operatorname {median} }}\ {\underset {j\,\neq \,i}{\operatorname {median} }}\ \operatorname {slope} (i,j)}",Statistics,11-20,12,"{\displaystyle {\widehat {B}}={\underset {i}{\operatorname {median} }}\ {\underset {j\,\neq \,i}{\operatorname {median} }}\ \operatorname {slope} (i,j)}",https://en.wikipedia.org/wiki/Repeated_median_regression,extended,"Capital B hat, equals the ""median"" over all data points i, of the ""median"" for each i over all other data points, j not equal to i, of the ""slope"" of, open parenthesis, i comma j, close parenthesis, where this respresents the estimated slope","<prosody rate=""medium"">Capital B hat, equals the <emphasis>""median""</emphasis> over all data points i,<break time=""250ms""/> of the <emphasis>""median""</emphasis> for each i over all other data points,<break time=""200ms""/> j not equal to i,<break time=""250ms""/> of the <emphasis>""slope""</emphasis> of,<break time=""150ms""/> open parenthesis, i comma j, close parenthesis,<break time=""250ms""/> where this respresents the estimated slope</prosody>",3,6,22,study3_r2,22B,2,"Brackets and grouping (e.g. ""(..)"" or ""{..}"");Subscripts and indices;Variable names",2,3,1,3.0,2026/07/04 3:08:54 PM OESZ,4,4,3,4,3,Male,25-34,Germany,Bachelor's Degree (or comparable university degree),Mathematics;Statistics,"Advanced university mathematics (proofs, abstract algebra, advanced calculus, etc.)",Advanced (C1),Desktop computer,Headphones,15.9085
45,"https://en.wikipedia.org/wiki/Repeated_median_regression|{\displaystyle {\widehat {B}}={\underset {i}{\operatorname {median} }}\ {\underset {j\,\neq \,i}{\operatorname {median} }}\ \operatorname {slope} (i,j)}",Statistics,11-20,12,"{\displaystyle {\widehat {B}}={\underset {i}{\operatorname {median} }}\ {\underset {j\,\neq \,i}{\operatorname {median} }}\ \operatorname {slope} (i,j)}",https://en.wikipedia.org/wiki/Repeated_median_regression,extended,"Capital B hat, equals the ""median"" over all data points i, of the ""median"" for each i over all other data points, j not equal to i, of the ""slope"" of, open parenthesis, i comma j, close parenthesis, where this respresents the estimated slope","<prosody rate=""medium"">Capital B hat, equals the <emphasis>""median""</emphasis> over all data points i,<break time=""250ms""/> of the <emphasis>""median""</emphasis> for each i over all other data points,<break time=""200ms""/> j not equal to i,<break time=""250ms""/> of the <emphasis>""slope""</emphasis> of,<break time=""150ms""/> open parenthesis, i comma j, close parenthesis,<break time=""250ms""/> where this respresents the estimated slope</prosody>",3,6,22,study3_r3,22B,2,Variable names,2,2,2,2.0,2026/07/08 11:49:10 PM OESZ,4,4,4,4,4,Female,55-64,Germany,Master's Degree (or comparable university degree),Humanities and Languages,"Secondary school mathematics (functions, logarithms, trigonometry)",Intermediate (B1-B2),Smartphone,"Built-in speakers (in smartphone, notebook, tablet, etc.)",15.9085
45,"https://en.wikipedia.org/wiki/Repeated_median_regression|{\displaystyle {\widehat {B}}={\underset {i}{\operatorname {median} }}\ {\underset {j\,\neq \,i}{\operatorname {median} }}\ \operatorname {slope} (i,j)}",Statistics,11-20,12,"{\displaystyle {\widehat {B}}={\underset {i}{\operatorname {median} }}\ {\underset {j\,\neq \,i}{\operatorname {median} }}\ \operatorname {slope} (i,j)}",https://en.wikipedia.org/wiki/Repeated_median_regression,extended,"Capital B hat, equals the ""median"" over all data points i, of the ""median"" for each i over all other data points, j not equal to i, of the ""slope"" of, open parenthesis, i comma j, close parenthesis, where this respresents the estimated slope","<prosody rate=""medium"">Capital B hat, equals the <emphasis>""median""</emphasis> over all data points i,<break time=""250ms""/> of the <emphasis>""median""</emphasis> for each i over all other data points,<break time=""200ms""/> j not equal to i,<break time=""250ms""/> of the <emphasis>""slope""</emphasis> of,<break time=""150ms""/> open parenthesis, i comma j, close parenthesis,<break time=""250ms""/> where this respresents the estimated slope</prosody>",3,6,22,study3_r4,22B,2,"Brackets and grouping (e.g. ""(..)"" or ""{..}"");Superscripts and exponents;Subscripts and indices;Variable names",2,3,1,2.0,2026/07/10 12:03:10 PM OESZ,4,4,4,4,3,Male,35-44,Germany,Bachelor's Degree (or comparable university degree),Statistics;Computer Science,"Undergraduate-level mathematics (calculus, matrices, vectors, statistics)",Advanced (C1),Laptop,"Built-in speakers (in smartphone, notebook, tablet, etc.)",15.9085
45,"https://en.wikipedia.org/wiki/Repeated_median_regression|{\displaystyle {\widehat {B}}={\underset {i}{\operatorname {median} }}\ {\underset {j\,\neq \,i}{\operatorname {median} }}\ \operatorname {slope} (i,j)}",Statistics,11-20,12,"{\displaystyle {\widehat {B}}={\underset {i}{\operatorname {median} }}\ {\underset {j\,\neq \,i}{\operatorname {median} }}\ \operatorname {slope} (i,j)}",https://en.wikipedia.org/wiki/Repeated_median_regression,extended,"Capital B hat, equals the ""median"" over all data points i, of the ""median"" for each i over all other data points, j not equal to i, of the ""slope"" of, open parenthesis, i comma j, close parenthesis, where this respresents the estimated slope","<prosody rate=""medium"">Capital B hat, equals the <emphasis>""median""</emphasis> over all data points i,<break time=""250ms""/> of the <emphasis>""median""</emphasis> for each i over all other data points,<break time=""200ms""/> j not equal to i,<break time=""250ms""/> of the <emphasis>""slope""</emphasis> of,<break time=""150ms""/> open parenthesis, i comma j, close parenthesis,<break time=""250ms""/> where this respresents the estimated slope</prosody>",3,6,22,study3_r5,22B,2,Superscripts and exponents;Subscripts and indices;Variable names,2,3,1,3.0,2026/07/14 1:36:14 AM OESZ,4,4,4,4,3,Male,25-34,Germany,Doctorate / PhD (or comparable university degree),Mathematics;Computer Science,"Advanced university mathematics (proofs, abstract algebra, advanced calculus, etc.)",Advanced (C1),Laptop,Headphones,15.9085
18,"https://en.wikipedia.org/wiki/Quantum_harmonic_oscillator|{\displaystyle \psi (x,t)=\int dy~K(x,y;t)\psi (y,0)~.}",Physics,21-30,23,"{\displaystyle \psi (x,t)=\int dy~K(x,y;t)\psi (y,0)~.}",https://en.wikipedia.org/wiki/Quantum_harmonic_oscillator,standard,"Psi of, open parenthesis, x comma t, close parenthesis, equals, the integral with respect to y, of capital K of, open parenthesis, x comma y semicolon t, close parenthesis, times, psi of, open parenthesis, y comma zero, close parenthesis.","<prosody rate=""slow"">Psi of, <break time=""200ms""/> open parenthesis, <break time=""150ms""/> x comma t, <break time=""150ms""/> close parenthesis, <break time=""200ms""/> equals, <break time=""250ms""/> the integral with respect to y, <break time=""250ms""/> of <emphasis level=""moderate"">capital K</emphasis> of, <break time=""200ms""/> open parenthesis, <break time=""150ms""/> x comma y semicolon t, <break time=""150ms""/> close parenthesis, <break time=""250ms""/> times, <break time=""200ms""/> <emphasis level=""moderate"">psi</emphasis> of, <break time=""200ms""/> open parenthesis, <break time=""150ms""/> y comma zero, <break time=""150ms""/> close parenthesis.</prosody>",3,7,19,study3_r1,19A,4,"Mathematical symbols and operators (e.g. ""+"", ""-"", sum or integral)",4,4,4,,2026/06/28 7:53:57 PM OESZ,4,4,3,4,3,Male,35-44,Germany,Master's Degree (or comparable university degree),Economics;Computer Science,"Advanced university mathematics (proofs, abstract algebra, advanced calculus, etc.)",Advanced (C1),Smartphone,Earbuds,24.32
18,"https://en.wikipedia.org/wiki/Quantum_harmonic_oscillator|{\displaystyle \psi (x,t)=\int dy~K(x,y;t)\psi (y,0)~.}",Physics,21-30,23,"{\displaystyle \psi (x,t)=\int dy~K(x,y;t)\psi (y,0)~.}",https://en.wikipedia.org/wiki/Quantum_harmonic_oscillator,standard,"Psi of, open parenthesis, x comma t, close parenthesis, equals, the integral with respect to y, of capital K of, open parenthesis, x comma y semicolon t, close parenthesis, times, psi of, open parenthesis, y comma zero, close parenthesis.","<prosody rate=""slow"">Psi of, <break time=""200ms""/> open parenthesis, <break time=""150ms""/> x comma t, <break time=""150ms""/> close parenthesis, <break time=""200ms""/> equals, <break time=""250ms""/> the integral with respect to y, <break time=""250ms""/> of <emphasis level=""moderate"">capital K</emphasis> of, <break time=""200ms""/> open parenthesis, <break time=""150ms""/> x comma y semicolon t, <break time=""150ms""/> close parenthesis, <break time=""250ms""/> times, <break time=""200ms""/> <emphasis level=""moderate"">psi</emphasis> of, <break time=""200ms""/> open parenthesis, <break time=""150ms""/> y comma zero, <break time=""150ms""/> close parenthesis.</prosody>",3,7,19,study3_r2,19A,4,"Brackets and grouping (e.g. ""(..)"" or ""{..}"")",4,4,4,,2026/07/04 3:08:54 PM OESZ,4,4,3,4,3,Male,25-34,Germany,Bachelor's Degree (or comparable university degree),Mathematics;Statistics,"Advanced university mathematics (proofs, abstract algebra, advanced calculus, etc.)",Advanced (C1),Desktop computer,Headphones,24.32
18,"https://en.wikipedia.org/wiki/Quantum_harmonic_oscillator|{\displaystyle \psi (x,t)=\int dy~K(x,y;t)\psi (y,0)~.}",Physics,21-30,23,"{\displaystyle \psi (x,t)=\int dy~K(x,y;t)\psi (y,0)~.}",https://en.wikipedia.org/wiki/Quantum_harmonic_oscillator,standard,"Psi of, open parenthesis, x comma t, close parenthesis, equals, the integral with respect to y, of capital K of, open parenthesis, x comma y semicolon t, close parenthesis, times, psi of, open parenthesis, y comma zero, close parenthesis.","<prosody rate=""slow"">Psi of, <break time=""200ms""/> open parenthesis, <break time=""150ms""/> x comma t, <break time=""150ms""/> close parenthesis, <break time=""200ms""/> equals, <break time=""250ms""/> the integral with respect to y, <break time=""250ms""/> of <emphasis level=""moderate"">capital K</emphasis> of, <break time=""200ms""/> open parenthesis, <break time=""150ms""/> x comma y semicolon t, <break time=""150ms""/> close parenthesis, <break time=""250ms""/> times, <break time=""200ms""/> <emphasis level=""moderate"">psi</emphasis> of, <break time=""200ms""/> open parenthesis, <break time=""150ms""/> y comma zero, <break time=""150ms""/> close parenthesis.</prosody>",3,7,19,study3_r3,19A,3,"Brackets and grouping (e.g. ""(..)"" or ""{..}"")",3,3,3,,2026/07/08 11:49:10 PM OESZ,4,4,4,4,4,Female,55-64,Germany,Master's Degree (or comparable university degree),Humanities and Languages,"Secondary school mathematics (functions, logarithms, trigonometry)",Intermediate (B1-B2),Smartphone,"Built-in speakers (in smartphone, notebook, tablet, etc.)",24.32
18,"https://en.wikipedia.org/wiki/Quantum_harmonic_oscillator|{\displaystyle \psi (x,t)=\int dy~K(x,y;t)\psi (y,0)~.}",Physics,21-30,23,"{\displaystyle \psi (x,t)=\int dy~K(x,y;t)\psi (y,0)~.}",https://en.wikipedia.org/wiki/Quantum_harmonic_oscillator,standard,"Psi of, open parenthesis, x comma t, close parenthesis, equals, the integral with respect to y, of capital K of, open parenthesis, x comma y semicolon t, close parenthesis, times, psi of, open parenthesis, y comma zero, close parenthesis.","<prosody rate=""slow"">Psi of, <break time=""200ms""/> open parenthesis, <break time=""150ms""/> x comma t, <break time=""150ms""/> close parenthesis, <break time=""200ms""/> equals, <break time=""250ms""/> the integral with respect to y, <break time=""250ms""/> of <emphasis level=""moderate"">capital K</emphasis> of, <break time=""200ms""/> open parenthesis, <break time=""150ms""/> x comma y semicolon t, <break time=""150ms""/> close parenthesis, <break time=""250ms""/> times, <break time=""200ms""/> <emphasis level=""moderate"">psi</emphasis> of, <break time=""200ms""/> open parenthesis, <break time=""150ms""/> y comma zero, <break time=""150ms""/> close parenthesis.</prosody>",3,7,19,study3_r4,19A,4,Punctuation and separators,4,4,4,,2026/07/10 12:03:10 PM OESZ,4,4,4,4,3,Male,35-44,Germany,Bachelor's Degree (or comparable university degree),Statistics;Computer Science,"Undergraduate-level mathematics (calculus, matrices, vectors, statistics)",Advanced (C1),Laptop,"Built-in speakers (in smartphone, notebook, tablet, etc.)",24.32
18,"https://en.wikipedia.org/wiki/Quantum_harmonic_oscillator|{\displaystyle \psi (x,t)=\int dy~K(x,y;t)\psi (y,0)~.}",Physics,21-30,23,"{\displaystyle \psi (x,t)=\int dy~K(x,y;t)\psi (y,0)~.}",https://en.wikipedia.org/wiki/Quantum_harmonic_oscillator,standard,"Psi of, open parenthesis, x comma t, close parenthesis, equals, the integral with respect to y, of capital K of, open parenthesis, x comma y semicolon t, close parenthesis, times, psi of, open parenthesis, y comma zero, close parenthesis.","<prosody rate=""slow"">Psi of, <break time=""200ms""/> open parenthesis, <break time=""150ms""/> x comma t, <break time=""150ms""/> close parenthesis, <break time=""200ms""/> equals, <break time=""250ms""/> the integral with respect to y, <break time=""250ms""/> of <emphasis level=""moderate"">capital K</emphasis> of, <break time=""200ms""/> open parenthesis, <break time=""150ms""/> x comma y semicolon t, <break time=""150ms""/> close parenthesis, <break time=""250ms""/> times, <break time=""200ms""/> <emphasis level=""moderate"">psi</emphasis> of, <break time=""200ms""/> open parenthesis, <break time=""150ms""/> y comma zero, <break time=""150ms""/> close parenthesis.</prosody>",3,7,19,study3_r5,19A,3,"Brackets and grouping (e.g. ""(..)"" or ""{..}"");Mathematical symbols and operators (e.g. ""+"", ""-"", sum or integral);Punctuation and separators",3,4,3,,2026/07/14 1:36:14 AM OESZ,4,4,4,4,3,Male,25-34,Germany,Doctorate / PhD (or comparable university degree),Mathematics;Computer Science,"Advanced university mathematics (proofs, abstract algebra, advanced calculus, etc.)",Advanced (C1),Laptop,Headphones,24.32
31,"https://en.wikipedia.org/wiki/Rendezvous_hashing|{\displaystyle C_{1}=\left\{S_{1},S_{2}\dots S_{m}\right\},C_{2}=\left\{S_{m+1},S_{m+2}\dots S_{2m}\right\}\dots }",Computer Science,31-40,36,"{\displaystyle C_{1}=\left\{S_{1},S_{2}\dots S_{m}\right\},C_{2}=\left\{S_{m+1},S_{m+2}\dots S_{2m}\right\}\dots }",https://en.wikipedia.org/wiki/Rendezvous_hashing,extended,"capital C sub one, equals, the set containing, capital S sub one, comma, capital S sub two, dot dot dot, capital S sub m, end set, where capital C one is the first cluster, and lowercase m is the constant cluster size in the skeleton-based variant of rendezvous hashing, then, capital C sub two, equals, the set containing, capital S sub m plus one, comma, capital S sub m plus two, dot dot dot, capital S sub two m, end set, dot dot dot, where the ellipsis indicates this partitioning continues for subsequent clusters.","<prosody rate=""medium""><emphasis>capital C sub one</emphasis>, <break time=""200ms""/> equals, <break time=""150ms""/> the set containing, <break time=""150ms""/> <prosody rate=""slow"">capital S sub one</prosody>, <break time=""120ms""/> comma, <break time=""120ms""/> <prosody rate=""slow"">capital S sub two</prosody>, <break time=""150ms""/> <emphasis>dot dot dot</emphasis>, <break time=""150ms""/> <prosody rate=""slow"">capital S sub m</prosody>, <break time=""200ms""/> <emphasis>end set</emphasis>, <break time=""250ms""/> where <emphasis>capital C one</emphasis> is the first cluster, and <emphasis>lowercase m</emphasis> is the constant cluster size in the skeleton-based variant of rendezvous hashing, <break time=""300ms""/> then, <break time=""200ms""/> <emphasis>capital C sub two</emphasis>, <break time=""200ms""/> equals, <break time=""150ms""/> the set containing, <break time=""150ms""/> <prosody rate=""slow"">capital S sub m plus one</prosody>, <break time=""120ms""/> comma, <break time=""120ms""/> <prosody rate=""slow"">capital S sub m plus two</prosody>, <break time=""150ms""/> <emphasis>dot dot dot</emphasis>, <break time=""150ms""/> <prosody rate=""slow"">capital S sub two m</prosody>, <break time=""200ms""/> <emphasis>end set</emphasis>, <break time=""250ms""/> <emphasis>dot dot dot</emphasis>, <break time=""250ms""/> where the ellipsis indicates this partitioning continues for subsequent clusters.</prosody>",3,8,8,study3_r1,8B,5,Nothing was difficult,5,4,5,5.0,2026/06/28 7:53:57 PM OESZ,4,4,3,4,3,Male,35-44,Germany,Master's Degree (or comparable university degree),Economics;Computer Science,"Advanced university mathematics (proofs, abstract algebra, advanced calculus, etc.)",Advanced (C1),Smartphone,Earbuds,42.00483333333333
31,"https://en.wikipedia.org/wiki/Rendezvous_hashing|{\displaystyle C_{1}=\left\{S_{1},S_{2}\dots S_{m}\right\},C_{2}=\left\{S_{m+1},S_{m+2}\dots S_{2m}\right\}\dots }",Computer Science,31-40,36,"{\displaystyle C_{1}=\left\{S_{1},S_{2}\dots S_{m}\right\},C_{2}=\left\{S_{m+1},S_{m+2}\dots S_{2m}\right\}\dots }",https://en.wikipedia.org/wiki/Rendezvous_hashing,extended,"capital C sub one, equals, the set containing, capital S sub one, comma, capital S sub two, dot dot dot, capital S sub m, end set, where capital C one is the first cluster, and lowercase m is the constant cluster size in the skeleton-based variant of rendezvous hashing, then, capital C sub two, equals, the set containing, capital S sub m plus one, comma, capital S sub m plus two, dot dot dot, capital S sub two m, end set, dot dot dot, where the ellipsis indicates this partitioning continues for subsequent clusters.","<prosody rate=""medium""><emphasis>capital C sub one</emphasis>, <break time=""200ms""/> equals, <break time=""150ms""/> the set containing, <break time=""150ms""/> <prosody rate=""slow"">capital S sub one</prosody>, <break time=""120ms""/> comma, <break time=""120ms""/> <prosody rate=""slow"">capital S sub two</prosody>, <break time=""150ms""/> <emphasis>dot dot dot</emphasis>, <break time=""150ms""/> <prosody rate=""slow"">capital S sub m</prosody>, <break time=""200ms""/> <emphasis>end set</emphasis>, <break time=""250ms""/> where <emphasis>capital C one</emphasis> is the first cluster, and <emphasis>lowercase m</emphasis> is the constant cluster size in the skeleton-based variant of rendezvous hashing, <break time=""300ms""/> then, <break time=""200ms""/> <emphasis>capital C sub two</emphasis>, <break time=""200ms""/> equals, <break time=""150ms""/> the set containing, <break time=""150ms""/> <prosody rate=""slow"">capital S sub m plus one</prosody>, <break time=""120ms""/> comma, <break time=""120ms""/> <prosody rate=""slow"">capital S sub m plus two</prosody>, <break time=""150ms""/> <emphasis>dot dot dot</emphasis>, <break time=""150ms""/> <prosody rate=""slow"">capital S sub two m</prosody>, <break time=""200ms""/> <emphasis>end set</emphasis>, <break time=""250ms""/> <emphasis>dot dot dot</emphasis>, <break time=""250ms""/> where the ellipsis indicates this partitioning continues for subsequent clusters.</prosody>",3,8,8,study3_r2,8B,4,Subscripts and indices,4,4,4,4.0,2026/07/04 3:08:54 PM OESZ,4,4,3,4,3,Male,25-34,Germany,Bachelor's Degree (or comparable university degree),Mathematics;Statistics,"Advanced university mathematics (proofs, abstract algebra, advanced calculus, etc.)",Advanced (C1),Desktop computer,Headphones,42.00483333333333
31,"https://en.wikipedia.org/wiki/Rendezvous_hashing|{\displaystyle C_{1}=\left\{S_{1},S_{2}\dots S_{m}\right\},C_{2}=\left\{S_{m+1},S_{m+2}\dots S_{2m}\right\}\dots }",Computer Science,31-40,36,"{\displaystyle C_{1}=\left\{S_{1},S_{2}\dots S_{m}\right\},C_{2}=\left\{S_{m+1},S_{m+2}\dots S_{2m}\right\}\dots }",https://en.wikipedia.org/wiki/Rendezvous_hashing,extended,"capital C sub one, equals, the set containing, capital S sub one, comma, capital S sub two, dot dot dot, capital S sub m, end set, where capital C one is the first cluster, and lowercase m is the constant cluster size in the skeleton-based variant of rendezvous hashing, then, capital C sub two, equals, the set containing, capital S sub m plus one, comma, capital S sub m plus two, dot dot dot, capital S sub two m, end set, dot dot dot, where the ellipsis indicates this partitioning continues for subsequent clusters.","<prosody rate=""medium""><emphasis>capital C sub one</emphasis>, <break time=""200ms""/> equals, <break time=""150ms""/> the set containing, <break time=""150ms""/> <prosody rate=""slow"">capital S sub one</prosody>, <break time=""120ms""/> comma, <break time=""120ms""/> <prosody rate=""slow"">capital S sub two</prosody>, <break time=""150ms""/> <emphasis>dot dot dot</emphasis>, <break time=""150ms""/> <prosody rate=""slow"">capital S sub m</prosody>, <break time=""200ms""/> <emphasis>end set</emphasis>, <break time=""250ms""/> where <emphasis>capital C one</emphasis> is the first cluster, and <emphasis>lowercase m</emphasis> is the constant cluster size in the skeleton-based variant of rendezvous hashing, <break time=""300ms""/> then, <break time=""200ms""/> <emphasis>capital C sub two</emphasis>, <break time=""200ms""/> equals, <break time=""150ms""/> the set containing, <break time=""150ms""/> <prosody rate=""slow"">capital S sub m plus one</prosody>, <break time=""120ms""/> comma, <break time=""120ms""/> <prosody rate=""slow"">capital S sub m plus two</prosody>, <break time=""150ms""/> <emphasis>dot dot dot</emphasis>, <break time=""150ms""/> <prosody rate=""slow"">capital S sub two m</prosody>, <break time=""200ms""/> <emphasis>end set</emphasis>, <break time=""250ms""/> <emphasis>dot dot dot</emphasis>, <break time=""250ms""/> where the ellipsis indicates this partitioning continues for subsequent clusters.</prosody>",3,8,8,study3_r3,8B,3,"Brackets and grouping (e.g. ""(..)"" or ""{..}"")",3,3,3,3.0,2026/07/08 11:49:10 PM OESZ,4,4,4,4,4,Female,55-64,Germany,Master's Degree (or comparable university degree),Humanities and Languages,"Secondary school mathematics (functions, logarithms, trigonometry)",Intermediate (B1-B2),Smartphone,"Built-in speakers (in smartphone, notebook, tablet, etc.)",42.00483333333333
31,"https://en.wikipedia.org/wiki/Rendezvous_hashing|{\displaystyle C_{1}=\left\{S_{1},S_{2}\dots S_{m}\right\},C_{2}=\left\{S_{m+1},S_{m+2}\dots S_{2m}\right\}\dots }",Computer Science,31-40,36,"{\displaystyle C_{1}=\left\{S_{1},S_{2}\dots S_{m}\right\},C_{2}=\left\{S_{m+1},S_{m+2}\dots S_{2m}\right\}\dots }",https://en.wikipedia.org/wiki/Rendezvous_hashing,extended,"capital C sub one, equals, the set containing, capital S sub one, comma, capital S sub two, dot dot dot, capital S sub m, end set, where capital C one is the first cluster, and lowercase m is the constant cluster size in the skeleton-based variant of rendezvous hashing, then, capital C sub two, equals, the set containing, capital S sub m plus one, comma, capital S sub m plus two, dot dot dot, capital S sub two m, end set, dot dot dot, where the ellipsis indicates this partitioning continues for subsequent clusters.","<prosody rate=""medium""><emphasis>capital C sub one</emphasis>, <break time=""200ms""/> equals, <break time=""150ms""/> the set containing, <break time=""150ms""/> <prosody rate=""slow"">capital S sub one</prosody>, <break time=""120ms""/> comma, <break time=""120ms""/> <prosody rate=""slow"">capital S sub two</prosody>, <break time=""150ms""/> <emphasis>dot dot dot</emphasis>, <break time=""150ms""/> <prosody rate=""slow"">capital S sub m</prosody>, <break time=""200ms""/> <emphasis>end set</emphasis>, <break time=""250ms""/> where <emphasis>capital C one</emphasis> is the first cluster, and <emphasis>lowercase m</emphasis> is the constant cluster size in the skeleton-based variant of rendezvous hashing, <break time=""300ms""/> then, <break time=""200ms""/> <emphasis>capital C sub two</emphasis>, <break time=""200ms""/> equals, <break time=""150ms""/> the set containing, <break time=""150ms""/> <prosody rate=""slow"">capital S sub m plus one</prosody>, <break time=""120ms""/> comma, <break time=""120ms""/> <prosody rate=""slow"">capital S sub m plus two</prosody>, <break time=""150ms""/> <emphasis>dot dot dot</emphasis>, <break time=""150ms""/> <prosody rate=""slow"">capital S sub two m</prosody>, <break time=""200ms""/> <emphasis>end set</emphasis>, <break time=""250ms""/> <emphasis>dot dot dot</emphasis>, <break time=""250ms""/> where the ellipsis indicates this partitioning continues for subsequent clusters.</prosody>",3,8,8,study3_r4,8B,5,Nothing was difficult,5,4,4,4.0,2026/07/10 12:03:10 PM OESZ,4,4,4,4,3,Male,35-44,Germany,Bachelor's Degree (or comparable university degree),Statistics;Computer Science,"Undergraduate-level mathematics (calculus, matrices, vectors, statistics)",Advanced (C1),Laptop,"Built-in speakers (in smartphone, notebook, tablet, etc.)",42.00483333333333
31,"https://en.wikipedia.org/wiki/Rendezvous_hashing|{\displaystyle C_{1}=\left\{S_{1},S_{2}\dots S_{m}\right\},C_{2}=\left\{S_{m+1},S_{m+2}\dots S_{2m}\right\}\dots }",Computer Science,31-40,36,"{\displaystyle C_{1}=\left\{S_{1},S_{2}\dots S_{m}\right\},C_{2}=\left\{S_{m+1},S_{m+2}\dots S_{2m}\right\}\dots }",https://en.wikipedia.org/wiki/Rendezvous_hashing,extended,"capital C sub one, equals, the set containing, capital S sub one, comma, capital S sub two, dot dot dot, capital S sub m, end set, where capital C one is the first cluster, and lowercase m is the constant cluster size in the skeleton-based variant of rendezvous hashing, then, capital C sub two, equals, the set containing, capital S sub m plus one, comma, capital S sub m plus two, dot dot dot, capital S sub two m, end set, dot dot dot, where the ellipsis indicates this partitioning continues for subsequent clusters.","<prosody rate=""medium""><emphasis>capital C sub one</emphasis>, <break time=""200ms""/> equals, <break time=""150ms""/> the set containing, <break time=""150ms""/> <prosody rate=""slow"">capital S sub one</prosody>, <break time=""120ms""/> comma, <break time=""120ms""/> <prosody rate=""slow"">capital S sub two</prosody>, <break time=""150ms""/> <emphasis>dot dot dot</emphasis>, <break time=""150ms""/> <prosody rate=""slow"">capital S sub m</prosody>, <break time=""200ms""/> <emphasis>end set</emphasis>, <break time=""250ms""/> where <emphasis>capital C one</emphasis> is the first cluster, and <emphasis>lowercase m</emphasis> is the constant cluster size in the skeleton-based variant of rendezvous hashing, <break time=""300ms""/> then, <break time=""200ms""/> <emphasis>capital C sub two</emphasis>, <break time=""200ms""/> equals, <break time=""150ms""/> the set containing, <break time=""150ms""/> <prosody rate=""slow"">capital S sub m plus one</prosody>, <break time=""120ms""/> comma, <break time=""120ms""/> <prosody rate=""slow"">capital S sub m plus two</prosody>, <break time=""150ms""/> <emphasis>dot dot dot</emphasis>, <break time=""150ms""/> <prosody rate=""slow"">capital S sub two m</prosody>, <break time=""200ms""/> <emphasis>end set</emphasis>, <break time=""250ms""/> <emphasis>dot dot dot</emphasis>, <break time=""250ms""/> where the ellipsis indicates this partitioning continues for subsequent clusters.</prosody>",3,8,8,study3_r5,8B,5,Nothing was difficult,5,5,4,3.0,2026/07/14 1:36:14 AM OESZ,4,4,4,4,3,Male,25-34,Germany,Doctorate / PhD (or comparable university degree),Mathematics;Computer Science,"Advanced university mathematics (proofs, abstract algebra, advanced calculus, etc.)",Advanced (C1),Laptop,Headphones,42.00483333333333
14,https://en.wikipedia.org/wiki/Chebyshev_equation|{\displaystyle (1-x^{2}){d^{2}y \over dx^{2}}-x{dy \over dx}+p^{2}y=0},Mathematics,21-30,22,{\displaystyle (1-x^{2}){d^{2}y \over dx^{2}}-x{dy \over dx}+p^{2}y=0},https://en.wikipedia.org/wiki/Chebyshev_equation,standard,"The quantity, open bracket, one minus x squared, close bracket, multiplied by the second derivative of y with respect to x squared, minus x, multiplied by, the first derivative of y with respect to x, plus p squared, multiplied by y, equals zero.","<prosody rate=""slow"">The quantity,<break time=""200ms""/> open bracket,<break time=""150ms""/> one minus x squared,<break time=""150ms""/> close bracket,<break time=""200ms""/> multiplied by<break time=""150ms""/> the second derivative of y with respect to x squared,<break time=""250ms""/> <emphasis>minus</emphasis><break time=""150ms""/> x,<break time=""200ms""/> multiplied by,<break time=""150ms""/> the first derivative of y with respect to x,<break time=""250ms""/> <emphasis>plus</emphasis><break time=""150ms""/> p squared,<break time=""200ms""/> multiplied by y,<break time=""250ms""/> <emphasis>equals</emphasis><break time=""150ms""/> zero.</prosody>",3,9,15,study3_r1,15A,4,"Mathematical symbols and operators (e.g. ""+"", ""-"", sum or integral)",4,4,3,,2026/06/28 7:53:57 PM OESZ,4,4,3,4,3,Male,35-44,Germany,Master's Degree (or comparable university degree),Economics;Computer Science,"Advanced university mathematics (proofs, abstract algebra, advanced calculus, etc.)",Advanced (C1),Smartphone,Earbuds,25.025333333333332
14,https://en.wikipedia.org/wiki/Chebyshev_equation|{\displaystyle (1-x^{2}){d^{2}y \over dx^{2}}-x{dy \over dx}+p^{2}y=0},Mathematics,21-30,22,{\displaystyle (1-x^{2}){d^{2}y \over dx^{2}}-x{dy \over dx}+p^{2}y=0},https://en.wikipedia.org/wiki/Chebyshev_equation,standard,"The quantity, open bracket, one minus x squared, close bracket, multiplied by the second derivative of y with respect to x squared, minus x, multiplied by, the first derivative of y with respect to x, plus p squared, multiplied by y, equals zero.","<prosody rate=""slow"">The quantity,<break time=""200ms""/> open bracket,<break time=""150ms""/> one minus x squared,<break time=""150ms""/> close bracket,<break time=""200ms""/> multiplied by<break time=""150ms""/> the second derivative of y with respect to x squared,<break time=""250ms""/> <emphasis>minus</emphasis><break time=""150ms""/> x,<break time=""200ms""/> multiplied by,<break time=""150ms""/> the first derivative of y with respect to x,<break time=""250ms""/> <emphasis>plus</emphasis><break time=""150ms""/> p squared,<break time=""200ms""/> multiplied by y,<break time=""250ms""/> <emphasis>equals</emphasis><break time=""150ms""/> zero.</prosody>",3,9,15,study3_r2,15A,3,"Brackets and grouping (e.g. ""(..)"" or ""{..}"");Mathematical symbols and operators (e.g. ""+"", ""-"", sum or integral)",4,4,3,,2026/07/04 3:08:54 PM OESZ,4,4,3,4,3,Male,25-34,Germany,Bachelor's Degree (or comparable university degree),Mathematics;Statistics,"Advanced university mathematics (proofs, abstract algebra, advanced calculus, etc.)",Advanced (C1),Desktop computer,Headphones,25.025333333333332
14,https://en.wikipedia.org/wiki/Chebyshev_equation|{\displaystyle (1-x^{2}){d^{2}y \over dx^{2}}-x{dy \over dx}+p^{2}y=0},Mathematics,21-30,22,{\displaystyle (1-x^{2}){d^{2}y \over dx^{2}}-x{dy \over dx}+p^{2}y=0},https://en.wikipedia.org/wiki/Chebyshev_equation,standard,"The quantity, open bracket, one minus x squared, close bracket, multiplied by the second derivative of y with respect to x squared, minus x, multiplied by, the first derivative of y with respect to x, plus p squared, multiplied by y, equals zero.","<prosody rate=""slow"">The quantity,<break time=""200ms""/> open bracket,<break time=""150ms""/> one minus x squared,<break time=""150ms""/> close bracket,<break time=""200ms""/> multiplied by<break time=""150ms""/> the second derivative of y with respect to x squared,<break time=""250ms""/> <emphasis>minus</emphasis><break time=""150ms""/> x,<break time=""200ms""/> multiplied by,<break time=""150ms""/> the first derivative of y with respect to x,<break time=""250ms""/> <emphasis>plus</emphasis><break time=""150ms""/> p squared,<break time=""200ms""/> multiplied by y,<break time=""250ms""/> <emphasis>equals</emphasis><break time=""150ms""/> zero.</prosody>",3,9,15,study3_r3,15A,2,Superscripts and exponents,2,2,2,,2026/07/08 11:49:10 PM OESZ,4,4,4,4,4,Female,55-64,Germany,Master's Degree (or comparable university degree),Humanities and Languages,"Secondary school mathematics (functions, logarithms, trigonometry)",Intermediate (B1-B2),Smartphone,"Built-in speakers (in smartphone, notebook, tablet, etc.)",25.025333333333332
14,https://en.wikipedia.org/wiki/Chebyshev_equation|{\displaystyle (1-x^{2}){d^{2}y \over dx^{2}}-x{dy \over dx}+p^{2}y=0},Mathematics,21-30,22,{\displaystyle (1-x^{2}){d^{2}y \over dx^{2}}-x{dy \over dx}+p^{2}y=0},https://en.wikipedia.org/wiki/Chebyshev_equation,standard,"The quantity, open bracket, one minus x squared, close bracket, multiplied by the second derivative of y with respect to x squared, minus x, multiplied by, the first derivative of y with respect to x, plus p squared, multiplied by y, equals zero.","<prosody rate=""slow"">The quantity,<break time=""200ms""/> open bracket,<break time=""150ms""/> one minus x squared,<break time=""150ms""/> close bracket,<break time=""200ms""/> multiplied by<break time=""150ms""/> the second derivative of y with respect to x squared,<break time=""250ms""/> <emphasis>minus</emphasis><break time=""150ms""/> x,<break time=""200ms""/> multiplied by,<break time=""150ms""/> the first derivative of y with respect to x,<break time=""250ms""/> <emphasis>plus</emphasis><break time=""150ms""/> p squared,<break time=""200ms""/> multiplied by y,<break time=""250ms""/> <emphasis>equals</emphasis><break time=""150ms""/> zero.</prosody>",3,9,15,study3_r4,15A,4,"Brackets and grouping (e.g. ""(..)"" or ""{..}"");Fractions and divisions structures",4,5,4,,2026/07/10 12:03:10 PM OESZ,4,4,4,4,3,Male,35-44,Germany,Bachelor's Degree (or comparable university degree),Statistics;Computer Science,"Undergraduate-level mathematics (calculus, matrices, vectors, statistics)",Advanced (C1),Laptop,"Built-in speakers (in smartphone, notebook, tablet, etc.)",25.025333333333332
14,https://en.wikipedia.org/wiki/Chebyshev_equation|{\displaystyle (1-x^{2}){d^{2}y \over dx^{2}}-x{dy \over dx}+p^{2}y=0},Mathematics,21-30,22,{\displaystyle (1-x^{2}){d^{2}y \over dx^{2}}-x{dy \over dx}+p^{2}y=0},https://en.wikipedia.org/wiki/Chebyshev_equation,standard,"The quantity, open bracket, one minus x squared, close bracket, multiplied by the second derivative of y with respect to x squared, minus x, multiplied by, the first derivative of y with respect to x, plus p squared, multiplied by y, equals zero.","<prosody rate=""slow"">The quantity,<break time=""200ms""/> open bracket,<break time=""150ms""/> one minus x squared,<break time=""150ms""/> close bracket,<break time=""200ms""/> multiplied by<break time=""150ms""/> the second derivative of y with respect to x squared,<break time=""250ms""/> <emphasis>minus</emphasis><break time=""150ms""/> x,<break time=""200ms""/> multiplied by,<break time=""150ms""/> the first derivative of y with respect to x,<break time=""250ms""/> <emphasis>plus</emphasis><break time=""150ms""/> p squared,<break time=""200ms""/> multiplied by y,<break time=""250ms""/> <emphasis>equals</emphasis><break time=""150ms""/> zero.</prosody>",3,9,15,study3_r5,15A,3,"Superscripts and exponents;Subscripts and indices;Mathematical symbols and operators (e.g. ""+"", ""-"", sum or integral)",4,4,4,,2026/07/14 1:36:14 AM OESZ,4,4,4,4,3,Male,25-34,Germany,Doctorate / PhD (or comparable university degree),Mathematics;Computer Science,"Advanced university mathematics (proofs, abstract algebra, advanced calculus, etc.)",Advanced (C1),Laptop,Headphones,25.025333333333332
24,http://en.wikipedia.org/wiki/Woodward-Hoffmann_rules|\pi,Chemistry,1-10,1,\pi,http://en.wikipedia.org/wiki/Woodward-Hoffmann_rules,extended,"Lowercase Greek letter pi, here referring to the four pi electrons involved in the pericyclic system under consideration.","<prosody rate=""slow"">Lowercase Greek letter <emphasis>pi</emphasis>,<break time=""200ms""/> here referring to the four <emphasis>pi</emphasis> electrons involved in the pericyclic system under consideration.</prosody>",3,10,1,study3_r1,1B,5,Nothing was difficult,4,4,5,4.0,2026/06/28 7:53:57 PM OESZ,4,4,3,4,3,Male,35-44,Germany,Master's Degree (or comparable university degree),Economics;Computer Science,"Advanced university mathematics (proofs, abstract algebra, advanced calculus, etc.)",Advanced (C1),Smartphone,Earbuds,8.385333333333334
24,http://en.wikipedia.org/wiki/Woodward-Hoffmann_rules|\pi,Chemistry,1-10,1,\pi,http://en.wikipedia.org/wiki/Woodward-Hoffmann_rules,extended,"Lowercase Greek letter pi, here referring to the four pi electrons involved in the pericyclic system under consideration.","<prosody rate=""slow"">Lowercase Greek letter <emphasis>pi</emphasis>,<break time=""200ms""/> here referring to the four <emphasis>pi</emphasis> electrons involved in the pericyclic system under consideration.</prosody>",3,10,1,study3_r2,1B,5,Nothing was difficult,5,5,5,5.0,2026/07/04 3:08:54 PM OESZ,4,4,3,4,3,Male,25-34,Germany,Bachelor's Degree (or comparable university degree),Mathematics;Statistics,"Advanced university mathematics (proofs, abstract algebra, advanced calculus, etc.)",Advanced (C1),Desktop computer,Headphones,8.385333333333334
24,http://en.wikipedia.org/wiki/Woodward-Hoffmann_rules|\pi,Chemistry,1-10,1,\pi,http://en.wikipedia.org/wiki/Woodward-Hoffmann_rules,extended,"Lowercase Greek letter pi, here referring to the four pi electrons involved in the pericyclic system under consideration.","<prosody rate=""slow"">Lowercase Greek letter <emphasis>pi</emphasis>,<break time=""200ms""/> here referring to the four <emphasis>pi</emphasis> electrons involved in the pericyclic system under consideration.</prosody>",3,10,1,study3_r3,1B,4,Nothing was difficult,4,4,4,4.0,2026/07/08 11:49:10 PM OESZ,4,4,4,4,4,Female,55-64,Germany,Master's Degree (or comparable university degree),Humanities and Languages,"Secondary school mathematics (functions, logarithms, trigonometry)",Intermediate (B1-B2),Smartphone,"Built-in speakers (in smartphone, notebook, tablet, etc.)",8.385333333333334
24,http://en.wikipedia.org/wiki/Woodward-Hoffmann_rules|\pi,Chemistry,1-10,1,\pi,http://en.wikipedia.org/wiki/Woodward-Hoffmann_rules,extended,"Lowercase Greek letter pi, here referring to the four pi electrons involved in the pericyclic system under consideration.","<prosody rate=""slow"">Lowercase Greek letter <emphasis>pi</emphasis>,<break time=""200ms""/> here referring to the four <emphasis>pi</emphasis> electrons involved in the pericyclic system under consideration.</prosody>",3,10,1,study3_r4,1B,5,Nothing was difficult,4,4,4,4.0,2026/07/10 12:03:10 PM OESZ,4,4,4,4,3,Male,35-44,Germany,Bachelor's Degree (or comparable university degree),Statistics;Computer Science,"Undergraduate-level mathematics (calculus, matrices, vectors, statistics)",Advanced (C1),Laptop,"Built-in speakers (in smartphone, notebook, tablet, etc.)",8.385333333333334
24,http://en.wikipedia.org/wiki/Woodward-Hoffmann_rules|\pi,Chemistry,1-10,1,\pi,http://en.wikipedia.org/wiki/Woodward-Hoffmann_rules,extended,"Lowercase Greek letter pi, here referring to the four pi electrons involved in the pericyclic system under consideration.","<prosody rate=""slow"">Lowercase Greek letter <emphasis>pi</emphasis>,<break time=""200ms""/> here referring to the four <emphasis>pi</emphasis> electrons involved in the pericyclic system under consideration.</prosody>",3,10,1,study3_r5,1B,5,Nothing was difficult,5,5,5,4.0,2026/07/14 1:36:14 AM OESZ,4,4,4,4,3,Male,25-34,Germany,Doctorate / PhD (or comparable university degree),Mathematics;Computer Science,"Advanced university mathematics (proofs, abstract algebra, advanced calculus, etc.)",Advanced (C1),Laptop,Headphones,8.385333333333334
44,http://en.wikipedia.org/wiki/World_Football_Elo_Ratings|R_n,Statistics,1-10,3,R_n,http://en.wikipedia.org/wiki/World_Football_Elo_Ratings,extended,"Capital R, subscript n, the new team rating.","<prosody rate=""medium""><emphasis>Capital R</emphasis><break time=""200ms""/> subscript <emphasis>n</emphasis><break time=""250ms""/> the new team rating.</prosody>",3,11,21,study3_r1,21B,5,Nothing was difficult,4,4,4,3.0,2026/06/28 7:53:57 PM OESZ,4,4,3,4,3,Male,35-44,Germany,Master's Degree (or comparable university degree),Economics;Computer Science,"Advanced university mathematics (proofs, abstract algebra, advanced calculus, etc.)",Advanced (C1),Smartphone,Earbuds,3.866
44,http://en.wikipedia.org/wiki/World_Football_Elo_Ratings|R_n,Statistics,1-10,3,R_n,http://en.wikipedia.org/wiki/World_Football_Elo_Ratings,extended,"Capital R, subscript n, the new team rating.","<prosody rate=""medium""><emphasis>Capital R</emphasis><break time=""200ms""/> subscript <emphasis>n</emphasis><break time=""250ms""/> the new team rating.</prosody>",3,11,21,study3_r2,21B,5,Nothing was difficult,5,5,5,4.0,2026/07/04 3:08:54 PM OESZ,4,4,3,4,3,Male,25-34,Germany,Bachelor's Degree (or comparable university degree),Mathematics;Statistics,"Advanced university mathematics (proofs, abstract algebra, advanced calculus, etc.)",Advanced (C1),Desktop computer,Headphones,3.866
44,http://en.wikipedia.org/wiki/World_Football_Elo_Ratings|R_n,Statistics,1-10,3,R_n,http://en.wikipedia.org/wiki/World_Football_Elo_Ratings,extended,"Capital R, subscript n, the new team rating.","<prosody rate=""medium""><emphasis>Capital R</emphasis><break time=""200ms""/> subscript <emphasis>n</emphasis><break time=""250ms""/> the new team rating.</prosody>",3,11,21,study3_r3,21B,4,Subscripts and indices,3,3,3,3.0,2026/07/08 11:49:10 PM OESZ,4,4,4,4,4,Female,55-64,Germany,Master's Degree (or comparable university degree),Humanities and Languages,"Secondary school mathematics (functions, logarithms, trigonometry)",Intermediate (B1-B2),Smartphone,"Built-in speakers (in smartphone, notebook, tablet, etc.)",3.866
44,http://en.wikipedia.org/wiki/World_Football_Elo_Ratings|R_n,Statistics,1-10,3,R_n,http://en.wikipedia.org/wiki/World_Football_Elo_Ratings,extended,"Capital R, subscript n, the new team rating.","<prosody rate=""medium""><emphasis>Capital R</emphasis><break time=""200ms""/> subscript <emphasis>n</emphasis><break time=""250ms""/> the new team rating.</prosody>",3,11,21,study3_r4,21B,5,Nothing was difficult,5,4,4,4.0,2026/07/10 12:03:10 PM OESZ,4,4,4,4,3,Male,35-44,Germany,Bachelor's Degree (or comparable university degree),Statistics;Computer Science,"Undergraduate-level mathematics (calculus, matrices, vectors, statistics)",Advanced (C1),Laptop,"Built-in speakers (in smartphone, notebook, tablet, etc.)",3.866
44,http://en.wikipedia.org/wiki/World_Football_Elo_Ratings|R_n,Statistics,1-10,3,R_n,http://en.wikipedia.org/wiki/World_Football_Elo_Ratings,extended,"Capital R, subscript n, the new team rating.","<prosody rate=""medium""><emphasis>Capital R</emphasis><break time=""200ms""/> subscript <emphasis>n</emphasis><break time=""250ms""/> the new team rating.</prosody>",3,11,21,study3_r5,21B,5,Nothing was difficult,5,5,5,4.0,2026/07/14 1:36:14 AM OESZ,4,4,4,4,3,Male,25-34,Germany,Doctorate / PhD (or comparable university degree),Mathematics;Computer Science,"Advanced university mathematics (proofs, abstract algebra, advanced calculus, etc.)",Advanced (C1),Laptop,Headphones,3.866
5,https://en.wikipedia.org/wiki/Monte_Carlo_tree_search|{\displaystyle {\frac {w_{i}}{n_{i}}}+c{\sqrt {\frac {\ln N_{i}}{n_{i}}}}},Computer Science,11-20,18,{\displaystyle {\frac {w_{i}}{n_{i}}}+c{\sqrt {\frac {\ln N_{i}}{n_{i}}}}},https://en.wikipedia.org/wiki/Monte_Carlo_tree_search,standard,"w sub i, divided by n sub i, plus c, times the square root of, natural logarithm of upper N sub i, divided by n sub i","<prosody rate=""slow"">w sub i,<break time=""200ms""/> divided by n sub i,<break time=""250ms""/> plus <emphasis>c</emphasis>,<break time=""200ms""/> times the square root of,<break time=""250ms""/> natural logarithm of upper N sub i,<break time=""200ms""/> divided by n sub i</prosody>",3,12,6,study3_r1,6A,4,Fractions and divisions structures,4,3,3,,2026/06/28 7:53:57 PM OESZ,4,4,3,4,3,Male,35-44,Germany,Master's Degree (or comparable university degree),Economics;Computer Science,"Advanced university mathematics (proofs, abstract algebra, advanced calculus, etc.)",Advanced (C1),Smartphone,Earbuds,11.729
5,https://en.wikipedia.org/wiki/Monte_Carlo_tree_search|{\displaystyle {\frac {w_{i}}{n_{i}}}+c{\sqrt {\frac {\ln N_{i}}{n_{i}}}}},Computer Science,11-20,18,{\displaystyle {\frac {w_{i}}{n_{i}}}+c{\sqrt {\frac {\ln N_{i}}{n_{i}}}}},https://en.wikipedia.org/wiki/Monte_Carlo_tree_search,standard,"w sub i, divided by n sub i, plus c, times the square root of, natural logarithm of upper N sub i, divided by n sub i","<prosody rate=""slow"">w sub i,<break time=""200ms""/> divided by n sub i,<break time=""250ms""/> plus <emphasis>c</emphasis>,<break time=""200ms""/> times the square root of,<break time=""250ms""/> natural logarithm of upper N sub i,<break time=""200ms""/> divided by n sub i</prosody>",3,12,6,study3_r2,6A,4,Subscripts and indices,4,4,3,,2026/07/04 3:08:54 PM OESZ,4,4,3,4,3,Male,25-34,Germany,Bachelor's Degree (or comparable university degree),Mathematics;Statistics,"Advanced university mathematics (proofs, abstract algebra, advanced calculus, etc.)",Advanced (C1),Desktop computer,Headphones,11.729
5,https://en.wikipedia.org/wiki/Monte_Carlo_tree_search|{\displaystyle {\frac {w_{i}}{n_{i}}}+c{\sqrt {\frac {\ln N_{i}}{n_{i}}}}},Computer Science,11-20,18,{\displaystyle {\frac {w_{i}}{n_{i}}}+c{\sqrt {\frac {\ln N_{i}}{n_{i}}}}},https://en.wikipedia.org/wiki/Monte_Carlo_tree_search,standard,"w sub i, divided by n sub i, plus c, times the square root of, natural logarithm of upper N sub i, divided by n sub i","<prosody rate=""slow"">w sub i,<break time=""200ms""/> divided by n sub i,<break time=""250ms""/> plus <emphasis>c</emphasis>,<break time=""200ms""/> times the square root of,<break time=""250ms""/> natural logarithm of upper N sub i,<break time=""200ms""/> divided by n sub i</prosody>",3,12,6,study3_r3,6A,3,Fractions and divisions structures,3,3,3,,2026/07/08 11:49:10 PM OESZ,4,4,4,4,4,Female,55-64,Germany,Master's Degree (or comparable university degree),Humanities and Languages,"Secondary school mathematics (functions, logarithms, trigonometry)",Intermediate (B1-B2),Smartphone,"Built-in speakers (in smartphone, notebook, tablet, etc.)",11.729
5,https://en.wikipedia.org/wiki/Monte_Carlo_tree_search|{\displaystyle {\frac {w_{i}}{n_{i}}}+c{\sqrt {\frac {\ln N_{i}}{n_{i}}}}},Computer Science,11-20,18,{\displaystyle {\frac {w_{i}}{n_{i}}}+c{\sqrt {\frac {\ln N_{i}}{n_{i}}}}},https://en.wikipedia.org/wiki/Monte_Carlo_tree_search,standard,"w sub i, divided by n sub i, plus c, times the square root of, natural logarithm of upper N sub i, divided by n sub i","<prosody rate=""slow"">w sub i,<break time=""200ms""/> divided by n sub i,<break time=""250ms""/> plus <emphasis>c</emphasis>,<break time=""200ms""/> times the square root of,<break time=""250ms""/> natural logarithm of upper N sub i,<break time=""200ms""/> divided by n sub i</prosody>",3,12,6,study3_r4,6A,4,Fractions and divisions structures;Subscripts and indices,4,3,4,,2026/07/10 12:03:10 PM OESZ,4,4,4,4,3,Male,35-44,Germany,Bachelor's Degree (or comparable university degree),Statistics;Computer Science,"Undergraduate-level mathematics (calculus, matrices, vectors, statistics)",Advanced (C1),Laptop,"Built-in speakers (in smartphone, notebook, tablet, etc.)",11.729
5,https://en.wikipedia.org/wiki/Monte_Carlo_tree_search|{\displaystyle {\frac {w_{i}}{n_{i}}}+c{\sqrt {\frac {\ln N_{i}}{n_{i}}}}},Computer Science,11-20,18,{\displaystyle {\frac {w_{i}}{n_{i}}}+c{\sqrt {\frac {\ln N_{i}}{n_{i}}}}},https://en.wikipedia.org/wiki/Monte_Carlo_tree_search,standard,"w sub i, divided by n sub i, plus c, times the square root of, natural logarithm of upper N sub i, divided by n sub i","<prosody rate=""slow"">w sub i,<break time=""200ms""/> divided by n sub i,<break time=""250ms""/> plus <emphasis>c</emphasis>,<break time=""200ms""/> times the square root of,<break time=""250ms""/> natural logarithm of upper N sub i,<break time=""200ms""/> divided by n sub i</prosody>",3,12,6,study3_r5,6A,4,"Brackets and grouping (e.g. ""(..)"" or ""{..}"")",4,4,4,,2026/07/14 1:36:14 AM OESZ,4,4,4,4,3,Male,25-34,Germany,Doctorate / PhD (or comparable university degree),Mathematics;Computer Science,"Advanced university mathematics (proofs, abstract algebra, advanced calculus, etc.)",Advanced (C1),Laptop,Headphones,11.729
10,https://en.wikipedia.org/wiki/Vector_autoregression|{\displaystyle y_{t}=c+A_{1}y_{t-1}+A_{2}y_{t-2}+e_{t}},Economics,21-30,25,{\displaystyle y_{t}=c+A_{1}y_{t-1}+A_{2}y_{t-2}+e_{t}},https://en.wikipedia.org/wiki/Vector_autoregression,standard,"Lowercase y sub t equals, lowercase c, plus, upper A sub one, times, lowercase y sub t minus one, plus, upper A sub two, times, lowercase y sub t minus two, plus, lowercase e sub t.","<prosody rate=""slow"">Lowercase y sub t equals,<break time=""250ms""/> lowercase c,<break time=""200ms""/> plus,<break time=""200ms""/> <emphasis level=""moderate"">upper A sub one</emphasis>,<break time=""150ms""/> times,<break time=""150ms""/> lowercase y sub t minus one,<break time=""250ms""/> plus,<break time=""200ms""/> <emphasis level=""moderate"">upper A sub two</emphasis>,<break time=""150ms""/> times,<break time=""150ms""/> lowercase y sub t minus two,<break time=""250ms""/> plus,<break time=""200ms""/> lowercase e sub t.</prosody>",4,1,11,study4_r1,11A,4,Subscripts and indices;Variable names;Capitalization,4,3,2,,2026/06/20 8:32:53 PM OESZ,3,4,2,3,2,Male,25-34,Germany,Master's Degree (or comparable university degree),Computer Science,"Advanced university mathematics (proofs, abstract algebra, advanced calculus, etc.)",Advanced (C1),Laptop,"Built-in speakers (in smartphone, notebook, tablet, etc.)",20.74116666666667
10,https://en.wikipedia.org/wiki/Vector_autoregression|{\displaystyle y_{t}=c+A_{1}y_{t-1}+A_{2}y_{t-2}+e_{t}},Economics,21-30,25,{\displaystyle y_{t}=c+A_{1}y_{t-1}+A_{2}y_{t-2}+e_{t}},https://en.wikipedia.org/wiki/Vector_autoregression,standard,"Lowercase y sub t equals, lowercase c, plus, upper A sub one, times, lowercase y sub t minus one, plus, upper A sub two, times, lowercase y sub t minus two, plus, lowercase e sub t.","<prosody rate=""slow"">Lowercase y sub t equals,<break time=""250ms""/> lowercase c,<break time=""200ms""/> plus,<break time=""200ms""/> <emphasis level=""moderate"">upper A sub one</emphasis>,<break time=""150ms""/> times,<break time=""150ms""/> lowercase y sub t minus one,<break time=""250ms""/> plus,<break time=""200ms""/> <emphasis level=""moderate"">upper A sub two</emphasis>,<break time=""150ms""/> times,<break time=""150ms""/> lowercase y sub t minus two,<break time=""250ms""/> plus,<break time=""200ms""/> lowercase e sub t.</prosody>",4,1,11,study4_r2,11A,5,"Subscripts and indices;Capitalization;At the default speed one needs to concentrate a lot. The ""lower case"" and ""sub t"" sections distract from understanding the equation",5,3,4,,2026/06/21 1:05:46 PM OESZ,2,2,1,1,1,Male,45-54,Germany,Bachelor's Degree (or comparable university degree),Mathematics;Statistics;Computer Science,"Undergraduate-level mathematics (calculus, matrices, vectors, statistics)",Near-native / Native (C2 or native speaker),Desktop computer,Headphones,20.74116666666667
10,https://en.wikipedia.org/wiki/Vector_autoregression|{\displaystyle y_{t}=c+A_{1}y_{t-1}+A_{2}y_{t-2}+e_{t}},Economics,21-30,25,{\displaystyle y_{t}=c+A_{1}y_{t-1}+A_{2}y_{t-2}+e_{t}},https://en.wikipedia.org/wiki/Vector_autoregression,standard,"Lowercase y sub t equals, lowercase c, plus, upper A sub one, times, lowercase y sub t minus one, plus, upper A sub two, times, lowercase y sub t minus two, plus, lowercase e sub t.","<prosody rate=""slow"">Lowercase y sub t equals,<break time=""250ms""/> lowercase c,<break time=""200ms""/> plus,<break time=""200ms""/> <emphasis level=""moderate"">upper A sub one</emphasis>,<break time=""150ms""/> times,<break time=""150ms""/> lowercase y sub t minus one,<break time=""250ms""/> plus,<break time=""200ms""/> <emphasis level=""moderate"">upper A sub two</emphasis>,<break time=""150ms""/> times,<break time=""150ms""/> lowercase y sub t minus two,<break time=""250ms""/> plus,<break time=""200ms""/> lowercase e sub t.</prosody>",4,1,11,study4_r3,11A,1,Fractions and divisions structures;Subscripts and indices;Capitalization,1,3,3,,2026/06/29 11:43:46 PM OESZ,5,4,4,4,2,Female,35-44,Germany,Master's Degree (or comparable university degree),Computer Science,"Advanced university mathematics (proofs, abstract algebra, advanced calculus, etc.)",Advanced (C1),Smartphone,"Built-in speakers (in smartphone, notebook, tablet, etc.)",20.74116666666667
10,https://en.wikipedia.org/wiki/Vector_autoregression|{\displaystyle y_{t}=c+A_{1}y_{t-1}+A_{2}y_{t-2}+e_{t}},Economics,21-30,25,{\displaystyle y_{t}=c+A_{1}y_{t-1}+A_{2}y_{t-2}+e_{t}},https://en.wikipedia.org/wiki/Vector_autoregression,standard,"Lowercase y sub t equals, lowercase c, plus, upper A sub one, times, lowercase y sub t minus one, plus, upper A sub two, times, lowercase y sub t minus two, plus, lowercase e sub t.","<prosody rate=""slow"">Lowercase y sub t equals,<break time=""250ms""/> lowercase c,<break time=""200ms""/> plus,<break time=""200ms""/> <emphasis level=""moderate"">upper A sub one</emphasis>,<break time=""150ms""/> times,<break time=""150ms""/> lowercase y sub t minus one,<break time=""250ms""/> plus,<break time=""200ms""/> <emphasis level=""moderate"">upper A sub two</emphasis>,<break time=""150ms""/> times,<break time=""150ms""/> lowercase y sub t minus two,<break time=""250ms""/> plus,<break time=""200ms""/> lowercase e sub t.</prosody>",4,1,11,study4_r4,11A,3,Superscripts and exponents;Subscripts and indices;Capitalization;Punctuation and separators;Sprechpausen an den falschen Stellen,1,1,3,,2026/07/02 1:47:10 PM OESZ,2,4,3,2,2,Male,35-44,Germany,Doctorate / PhD (or comparable university degree),Mathematics,"Advanced university mathematics (proofs, abstract algebra, advanced calculus, etc.)",Near-native / Native (C2 or native speaker),Laptop,"Built-in speakers (in smartphone, notebook, tablet, etc.)",20.74116666666667
10,https://en.wikipedia.org/wiki/Vector_autoregression|{\displaystyle y_{t}=c+A_{1}y_{t-1}+A_{2}y_{t-2}+e_{t}},Economics,21-30,25,{\displaystyle y_{t}=c+A_{1}y_{t-1}+A_{2}y_{t-2}+e_{t}},https://en.wikipedia.org/wiki/Vector_autoregression,standard,"Lowercase y sub t equals, lowercase c, plus, upper A sub one, times, lowercase y sub t minus one, plus, upper A sub two, times, lowercase y sub t minus two, plus, lowercase e sub t.","<prosody rate=""slow"">Lowercase y sub t equals,<break time=""250ms""/> lowercase c,<break time=""200ms""/> plus,<break time=""200ms""/> <emphasis level=""moderate"">upper A sub one</emphasis>,<break time=""150ms""/> times,<break time=""150ms""/> lowercase y sub t minus one,<break time=""250ms""/> plus,<break time=""200ms""/> <emphasis level=""moderate"">upper A sub two</emphasis>,<break time=""150ms""/> times,<break time=""150ms""/> lowercase y sub t minus two,<break time=""250ms""/> plus,<break time=""200ms""/> lowercase e sub t.</prosody>",4,1,11,study4_r5,11A,2,Subscripts and indices;Latin letters;Capitalization,2,2,4,,2026/07/08 1:15:08 AM OESZ,4,4,4,5,4,Male,45-54,Germany,Doctorate / PhD (or comparable university degree),Computer Science,"Advanced university mathematics (proofs, abstract algebra, advanced calculus, etc.)",Near-native / Native (C2 or native speaker),Smartphone,"Built-in speakers (in smartphone, notebook, tablet, etc.)",20.74116666666667
20,http://en.wikipedia.org/wiki/World_Football_Elo_Ratings|R_n,Statistics,1-10,3,R_n,http://en.wikipedia.org/wiki/World_Football_Elo_Ratings,standard,"Capital R, sub n.","<speak><prosody rate=""medium""><emphasis>Capital R</emphasis><break time=""200ms""/> sub <emphasis>n</emphasis>.</prosody></speak>",4,2,21,study4_r1,21A,5,Nothing was difficult,4,4,4,,2026/06/20 8:32:53 PM OESZ,3,4,2,3,2,Male,25-34,Germany,Master's Degree (or comparable university degree),Computer Science,"Advanced university mathematics (proofs, abstract algebra, advanced calculus, etc.)",Advanced (C1),Laptop,"Built-in speakers (in smartphone, notebook, tablet, etc.)",2.1158333333333332
20,http://en.wikipedia.org/wiki/World_Football_Elo_Ratings|R_n,Statistics,1-10,3,R_n,http://en.wikipedia.org/wiki/World_Football_Elo_Ratings,standard,"Capital R, sub n.","<speak><prosody rate=""medium""><emphasis>Capital R</emphasis><break time=""200ms""/> sub <emphasis>n</emphasis>.</prosody></speak>",4,2,21,study4_r2,21A,5,"Subscripts and indices;There should be a slight pause between ""sub"" and ""n"". It sounds like ""suben""",3,1,3,,2026/06/21 1:05:46 PM OESZ,2,2,1,1,1,Male,45-54,Germany,Bachelor's Degree (or comparable university degree),Mathematics;Statistics;Computer Science,"Undergraduate-level mathematics (calculus, matrices, vectors, statistics)",Near-native / Native (C2 or native speaker),Desktop computer,Headphones,2.1158333333333332
20,http://en.wikipedia.org/wiki/World_Football_Elo_Ratings|R_n,Statistics,1-10,3,R_n,http://en.wikipedia.org/wiki/World_Football_Elo_Ratings,standard,"Capital R, sub n.","<speak><prosody rate=""medium""><emphasis>Capital R</emphasis><break time=""200ms""/> sub <emphasis>n</emphasis>.</prosody></speak>",4,2,21,study4_r3,21A,5,Nothing was difficult,4,4,4,,2026/06/29 11:43:46 PM OESZ,5,4,4,4,2,Female,35-44,Germany,Master's Degree (or comparable university degree),Computer Science,"Advanced university mathematics (proofs, abstract algebra, advanced calculus, etc.)",Advanced (C1),Smartphone,"Built-in speakers (in smartphone, notebook, tablet, etc.)",2.1158333333333332
20,http://en.wikipedia.org/wiki/World_Football_Elo_Ratings|R_n,Statistics,1-10,3,R_n,http://en.wikipedia.org/wiki/World_Football_Elo_Ratings,standard,"Capital R, sub n.","<speak><prosody rate=""medium""><emphasis>Capital R</emphasis><break time=""200ms""/> sub <emphasis>n</emphasis>.</prosody></speak>",4,2,21,study4_r4,21A,5,Nothing was difficult,4,4,3,,2026/07/02 1:47:10 PM OESZ,2,4,3,2,2,Male,35-44,Germany,Doctorate / PhD (or comparable university degree),Mathematics,"Advanced university mathematics (proofs, abstract algebra, advanced calculus, etc.)",Near-native / Native (C2 or native speaker),Laptop,"Built-in speakers (in smartphone, notebook, tablet, etc.)",2.1158333333333332
20,http://en.wikipedia.org/wiki/World_Football_Elo_Ratings|R_n,Statistics,1-10,3,R_n,http://en.wikipedia.org/wiki/World_Football_Elo_Ratings,standard,"Capital R, sub n.","<speak><prosody rate=""medium""><emphasis>Capital R</emphasis><break time=""200ms""/> sub <emphasis>n</emphasis>.</prosody></speak>",4,2,21,study4_r5,21A,5,Capitalization,4,4,5,,2026/07/08 1:15:08 AM OESZ,4,4,4,5,4,Male,45-54,Germany,Doctorate / PhD (or comparable university degree),Computer Science,"Advanced university mathematics (proofs, abstract algebra, advanced calculus, etc.)",Near-native / Native (C2 or native speaker),Smartphone,"Built-in speakers (in smartphone, notebook, tablet, etc.)",2.1158333333333332
38,https://en.wikipedia.org/wiki/Chebyshev_equation|{\displaystyle (1-x^{2}){d^{2}y \over dx^{2}}-x{dy \over dx}+p^{2}y=0},Mathematics,21-30,22,{\displaystyle (1-x^{2}){d^{2}y \over dx^{2}}-x{dy \over dx}+p^{2}y=0},https://en.wikipedia.org/wiki/Chebyshev_equation,extended,"Open parenthesis, one minus x squared, close parenthesis, multiplied by the second derivative of y with respect to x squared, minus x, multiplied by the first derivative of y with respect to x, plus p squared, multiplied by y, equals zero, which is Chebyshev’s second-order linear differential equation, where p is a real, or complex, constant.","<prosody rate=""medium"">Open parenthesis, <break time=""150ms""/> one minus <emphasis>x squared</emphasis>, <break time=""150ms""/> close parenthesis, <break time=""200ms""/> multiplied by the <emphasis>second derivative</emphasis> of y with respect to <emphasis>x squared</emphasis>, <break time=""250ms""/> minus x, <break time=""150ms""/> multiplied by the <emphasis>first derivative</emphasis> of y with respect to x, <break time=""250ms""/> plus <emphasis>p squared</emphasis>, <break time=""150ms""/> multiplied by y, <break time=""200ms""/> equals zero, <break time=""250ms""/> which is <emphasis>Chebyshev’s</emphasis> second-order linear differential equation, <break time=""200ms""/> where p is a real, <break time=""150ms""/> or complex, constant.</prosody>",4,3,15,study4_r1,15B,2,Fractions and divisions structures;Greek letters,4,2,2,3.0,2026/06/20 8:32:53 PM OESZ,3,4,2,3,2,Male,25-34,Germany,Master's Degree (or comparable university degree),Computer Science,"Advanced university mathematics (proofs, abstract algebra, advanced calculus, etc.)",Advanced (C1),Laptop,"Built-in speakers (in smartphone, notebook, tablet, etc.)",25.26033333333333
38,https://en.wikipedia.org/wiki/Chebyshev_equation|{\displaystyle (1-x^{2}){d^{2}y \over dx^{2}}-x{dy \over dx}+p^{2}y=0},Mathematics,21-30,22,{\displaystyle (1-x^{2}){d^{2}y \over dx^{2}}-x{dy \over dx}+p^{2}y=0},https://en.wikipedia.org/wiki/Chebyshev_equation,extended,"Open parenthesis, one minus x squared, close parenthesis, multiplied by the second derivative of y with respect to x squared, minus x, multiplied by the first derivative of y with respect to x, plus p squared, multiplied by y, equals zero, which is Chebyshev’s second-order linear differential equation, where p is a real, or complex, constant.","<prosody rate=""medium"">Open parenthesis, <break time=""150ms""/> one minus <emphasis>x squared</emphasis>, <break time=""150ms""/> close parenthesis, <break time=""200ms""/> multiplied by the <emphasis>second derivative</emphasis> of y with respect to <emphasis>x squared</emphasis>, <break time=""250ms""/> minus x, <break time=""150ms""/> multiplied by the <emphasis>first derivative</emphasis> of y with respect to x, <break time=""250ms""/> plus <emphasis>p squared</emphasis>, <break time=""150ms""/> multiplied by y, <break time=""200ms""/> equals zero, <break time=""250ms""/> which is <emphasis>Chebyshev’s</emphasis> second-order linear differential equation, <break time=""200ms""/> where p is a real, <break time=""150ms""/> or complex, constant.</prosody>",4,3,15,study4_r2,15B,4,"The ""first /second derivative"" clause distract from conceptualizing the formula in the head while listening. Since there is no feedback text for the next slide, I want to just mention that I didn't even notice the emphasis that is supposed to be present.",4,1,3,3.0,2026/06/21 1:05:46 PM OESZ,2,2,1,1,1,Male,45-54,Germany,Bachelor's Degree (or comparable university degree),Mathematics;Statistics;Computer Science,"Undergraduate-level mathematics (calculus, matrices, vectors, statistics)",Near-native / Native (C2 or native speaker),Desktop computer,Headphones,25.26033333333333
38,https://en.wikipedia.org/wiki/Chebyshev_equation|{\displaystyle (1-x^{2}){d^{2}y \over dx^{2}}-x{dy \over dx}+p^{2}y=0},Mathematics,21-30,22,{\displaystyle (1-x^{2}){d^{2}y \over dx^{2}}-x{dy \over dx}+p^{2}y=0},https://en.wikipedia.org/wiki/Chebyshev_equation,extended,"Open parenthesis, one minus x squared, close parenthesis, multiplied by the second derivative of y with respect to x squared, minus x, multiplied by the first derivative of y with respect to x, plus p squared, multiplied by y, equals zero, which is Chebyshev’s second-order linear differential equation, where p is a real, or complex, constant.","<prosody rate=""medium"">Open parenthesis, <break time=""150ms""/> one minus <emphasis>x squared</emphasis>, <break time=""150ms""/> close parenthesis, <break time=""200ms""/> multiplied by the <emphasis>second derivative</emphasis> of y with respect to <emphasis>x squared</emphasis>, <break time=""250ms""/> minus x, <break time=""150ms""/> multiplied by the <emphasis>first derivative</emphasis> of y with respect to x, <break time=""250ms""/> plus <emphasis>p squared</emphasis>, <break time=""150ms""/> multiplied by y, <break time=""200ms""/> equals zero, <break time=""250ms""/> which is <emphasis>Chebyshev’s</emphasis> second-order linear differential equation, <break time=""200ms""/> where p is a real, <break time=""150ms""/> or complex, constant.</prosody>",4,3,15,study4_r3,15B,5,Fractions and divisions structures;Superscripts and exponents,3,3,3,5.0,2026/06/29 11:43:46 PM OESZ,5,4,4,4,2,Female,35-44,Germany,Master's Degree (or comparable university degree),Computer Science,"Advanced university mathematics (proofs, abstract algebra, advanced calculus, etc.)",Advanced (C1),Smartphone,"Built-in speakers (in smartphone, notebook, tablet, etc.)",25.26033333333333
38,https://en.wikipedia.org/wiki/Chebyshev_equation|{\displaystyle (1-x^{2}){d^{2}y \over dx^{2}}-x{dy \over dx}+p^{2}y=0},Mathematics,21-30,22,{\displaystyle (1-x^{2}){d^{2}y \over dx^{2}}-x{dy \over dx}+p^{2}y=0},https://en.wikipedia.org/wiki/Chebyshev_equation,extended,"Open parenthesis, one minus x squared, close parenthesis, multiplied by the second derivative of y with respect to x squared, minus x, multiplied by the first derivative of y with respect to x, plus p squared, multiplied by y, equals zero, which is Chebyshev’s second-order linear differential equation, where p is a real, or complex, constant.","<prosody rate=""medium"">Open parenthesis, <break time=""150ms""/> one minus <emphasis>x squared</emphasis>, <break time=""150ms""/> close parenthesis, <break time=""200ms""/> multiplied by the <emphasis>second derivative</emphasis> of y with respect to <emphasis>x squared</emphasis>, <break time=""250ms""/> minus x, <break time=""150ms""/> multiplied by the <emphasis>first derivative</emphasis> of y with respect to x, <break time=""250ms""/> plus <emphasis>p squared</emphasis>, <break time=""150ms""/> multiplied by y, <break time=""200ms""/> equals zero, <break time=""250ms""/> which is <emphasis>Chebyshev’s</emphasis> second-order linear differential equation, <break time=""200ms""/> where p is a real, <break time=""150ms""/> or complex, constant.</prosody>",4,3,15,study4_r4,15B,4,Fractions and divisions structures;Punctuation and separators,4,3,5,5.0,2026/07/02 1:47:10 PM OESZ,2,4,3,2,2,Male,35-44,Germany,Doctorate / PhD (or comparable university degree),Mathematics,"Advanced university mathematics (proofs, abstract algebra, advanced calculus, etc.)",Near-native / Native (C2 or native speaker),Laptop,"Built-in speakers (in smartphone, notebook, tablet, etc.)",25.26033333333333
38,https://en.wikipedia.org/wiki/Chebyshev_equation|{\displaystyle (1-x^{2}){d^{2}y \over dx^{2}}-x{dy \over dx}+p^{2}y=0},Mathematics,21-30,22,{\displaystyle (1-x^{2}){d^{2}y \over dx^{2}}-x{dy \over dx}+p^{2}y=0},https://en.wikipedia.org/wiki/Chebyshev_equation,extended,"Open parenthesis, one minus x squared, close parenthesis, multiplied by the second derivative of y with respect to x squared, minus x, multiplied by the first derivative of y with respect to x, plus p squared, multiplied by y, equals zero, which is Chebyshev’s second-order linear differential equation, where p is a real, or complex, constant.","<prosody rate=""medium"">Open parenthesis, <break time=""150ms""/> one minus <emphasis>x squared</emphasis>, <break time=""150ms""/> close parenthesis, <break time=""200ms""/> multiplied by the <emphasis>second derivative</emphasis> of y with respect to <emphasis>x squared</emphasis>, <break time=""250ms""/> minus x, <break time=""150ms""/> multiplied by the <emphasis>first derivative</emphasis> of y with respect to x, <break time=""250ms""/> plus <emphasis>p squared</emphasis>, <break time=""150ms""/> multiplied by y, <break time=""200ms""/> equals zero, <break time=""250ms""/> which is <emphasis>Chebyshev’s</emphasis> second-order linear differential equation, <break time=""200ms""/> where p is a real, <break time=""150ms""/> or complex, constant.</prosody>",4,3,15,study4_r5,15B,4,"Fractions and divisions structures;Mathematical symbols and operators (e.g. ""+"", ""-"", sum or integral);Latin letters",3,3,2,4.0,2026/07/08 1:15:08 AM OESZ,4,4,4,5,4,Male,45-54,Germany,Doctorate / PhD (or comparable university degree),Computer Science,"Advanced university mathematics (proofs, abstract algebra, advanced calculus, etc.)",Near-native / Native (C2 or native speaker),Smartphone,"Built-in speakers (in smartphone, notebook, tablet, etc.)",25.26033333333333
29,https://en.wikipedia.org/wiki/Monte_Carlo_tree_search|{\displaystyle {\frac {w_{i}}{n_{i}}}+c{\sqrt {\frac {\ln N_{i}}{n_{i}}}}},Computer Science,11-20,18,{\displaystyle {\frac {w_{i}}{n_{i}}}+c{\sqrt {\frac {\ln N_{i}}{n_{i}}}}},https://en.wikipedia.org/wiki/Monte_Carlo_tree_search,extended,"The fraction with numerator w subscript lowercase i, and denominator n subscript lowercase i, plus c times the square root of, open parenthesis, the fraction with numerator the natural logarithm of capital N subscript lowercase i, and denominator n subscript lowercase i, close parenthesis, where this expression is applied in the game tree to choose the move with the highest value.","<prosody rate=""medium"">The fraction with numerator <emphasis>w subscript lowercase i</emphasis>, and denominator <emphasis>n subscript lowercase i</emphasis>, <break time=""250ms""/> plus <emphasis>c</emphasis> times the square root of, <break time=""200ms""/> open parenthesis, <break time=""150ms""/> the fraction with numerator the natural logarithm of <emphasis>capital N subscript lowercase i</emphasis>, and denominator <emphasis>n subscript lowercase i</emphasis>, <break time=""150ms""/> close parenthesis, <break time=""250ms""/> where this expression is applied in the game tree to choose the move with the highest value.</prosody>",4,4,6,study4_r1,6B,2,"Brackets and grouping (e.g. ""(..)"" or ""{..}"");Subscripts and indices;Mathematical symbols and operators (e.g. ""+"", ""-"", sum or integral)",4,3,2,3.0,2026/06/20 8:32:53 PM OESZ,3,4,2,3,2,Male,25-34,Germany,Master's Degree (or comparable university degree),Computer Science,"Advanced university mathematics (proofs, abstract algebra, advanced calculus, etc.)",Advanced (C1),Laptop,"Built-in speakers (in smartphone, notebook, tablet, etc.)",24.346
29,https://en.wikipedia.org/wiki/Monte_Carlo_tree_search|{\displaystyle {\frac {w_{i}}{n_{i}}}+c{\sqrt {\frac {\ln N_{i}}{n_{i}}}}},Computer Science,11-20,18,{\displaystyle {\frac {w_{i}}{n_{i}}}+c{\sqrt {\frac {\ln N_{i}}{n_{i}}}}},https://en.wikipedia.org/wiki/Monte_Carlo_tree_search,extended,"The fraction with numerator w subscript lowercase i, and denominator n subscript lowercase i, plus c times the square root of, open parenthesis, the fraction with numerator the natural logarithm of capital N subscript lowercase i, and denominator n subscript lowercase i, close parenthesis, where this expression is applied in the game tree to choose the move with the highest value.","<prosody rate=""medium"">The fraction with numerator <emphasis>w subscript lowercase i</emphasis>, and denominator <emphasis>n subscript lowercase i</emphasis>, <break time=""250ms""/> plus <emphasis>c</emphasis> times the square root of, <break time=""200ms""/> open parenthesis, <break time=""150ms""/> the fraction with numerator the natural logarithm of <emphasis>capital N subscript lowercase i</emphasis>, and denominator <emphasis>n subscript lowercase i</emphasis>, <break time=""150ms""/> close parenthesis, <break time=""250ms""/> where this expression is applied in the game tree to choose the move with the highest value.</prosody>",4,4,6,study4_r2,6B,4,"The terms ""lowercase"" is distracting. Also, there is no pause e.g. between ""denominater"" and ""n"" which sounds like ""denominateren""",3,1,2,1.0,2026/06/21 1:05:46 PM OESZ,2,2,1,1,1,Male,45-54,Germany,Bachelor's Degree (or comparable university degree),Mathematics;Statistics;Computer Science,"Undergraduate-level mathematics (calculus, matrices, vectors, statistics)",Near-native / Native (C2 or native speaker),Desktop computer,Headphones,24.346
29,https://en.wikipedia.org/wiki/Monte_Carlo_tree_search|{\displaystyle {\frac {w_{i}}{n_{i}}}+c{\sqrt {\frac {\ln N_{i}}{n_{i}}}}},Computer Science,11-20,18,{\displaystyle {\frac {w_{i}}{n_{i}}}+c{\sqrt {\frac {\ln N_{i}}{n_{i}}}}},https://en.wikipedia.org/wiki/Monte_Carlo_tree_search,extended,"The fraction with numerator w subscript lowercase i, and denominator n subscript lowercase i, plus c times the square root of, open parenthesis, the fraction with numerator the natural logarithm of capital N subscript lowercase i, and denominator n subscript lowercase i, close parenthesis, where this expression is applied in the game tree to choose the move with the highest value.","<prosody rate=""medium"">The fraction with numerator <emphasis>w subscript lowercase i</emphasis>, and denominator <emphasis>n subscript lowercase i</emphasis>, <break time=""250ms""/> plus <emphasis>c</emphasis> times the square root of, <break time=""200ms""/> open parenthesis, <break time=""150ms""/> the fraction with numerator the natural logarithm of <emphasis>capital N subscript lowercase i</emphasis>, and denominator <emphasis>n subscript lowercase i</emphasis>, <break time=""150ms""/> close parenthesis, <break time=""250ms""/> where this expression is applied in the game tree to choose the move with the highest value.</prosody>",4,4,6,study4_r3,6B,3,"Brackets and grouping (e.g. ""(..)"" or ""{..}"");Fractions and divisions structures;Mathematical symbols and operators (e.g. ""+"", ""-"", sum or integral)",3,3,4,5.0,2026/06/29 11:43:46 PM OESZ,5,4,4,4,2,Female,35-44,Germany,Master's Degree (or comparable university degree),Computer Science,"Advanced university mathematics (proofs, abstract algebra, advanced calculus, etc.)",Advanced (C1),Smartphone,"Built-in speakers (in smartphone, notebook, tablet, etc.)",24.346
29,https://en.wikipedia.org/wiki/Monte_Carlo_tree_search|{\displaystyle {\frac {w_{i}}{n_{i}}}+c{\sqrt {\frac {\ln N_{i}}{n_{i}}}}},Computer Science,11-20,18,{\displaystyle {\frac {w_{i}}{n_{i}}}+c{\sqrt {\frac {\ln N_{i}}{n_{i}}}}},https://en.wikipedia.org/wiki/Monte_Carlo_tree_search,extended,"The fraction with numerator w subscript lowercase i, and denominator n subscript lowercase i, plus c times the square root of, open parenthesis, the fraction with numerator the natural logarithm of capital N subscript lowercase i, and denominator n subscript lowercase i, close parenthesis, where this expression is applied in the game tree to choose the move with the highest value.","<prosody rate=""medium"">The fraction with numerator <emphasis>w subscript lowercase i</emphasis>, and denominator <emphasis>n subscript lowercase i</emphasis>, <break time=""250ms""/> plus <emphasis>c</emphasis> times the square root of, <break time=""200ms""/> open parenthesis, <break time=""150ms""/> the fraction with numerator the natural logarithm of <emphasis>capital N subscript lowercase i</emphasis>, and denominator <emphasis>n subscript lowercase i</emphasis>, <break time=""150ms""/> close parenthesis, <break time=""250ms""/> where this expression is applied in the game tree to choose the move with the highest value.</prosody>",4,4,6,study4_r4,6B,2,"Brackets and grouping (e.g. ""(..)"" or ""{..}"");Fractions and divisions structures;Subscripts and indices;Punctuation and separators",2,2,3,3.0,2026/07/02 1:47:10 PM OESZ,2,4,3,2,2,Male,35-44,Germany,Doctorate / PhD (or comparable university degree),Mathematics,"Advanced university mathematics (proofs, abstract algebra, advanced calculus, etc.)",Near-native / Native (C2 or native speaker),Laptop,"Built-in speakers (in smartphone, notebook, tablet, etc.)",24.346
29,https://en.wikipedia.org/wiki/Monte_Carlo_tree_search|{\displaystyle {\frac {w_{i}}{n_{i}}}+c{\sqrt {\frac {\ln N_{i}}{n_{i}}}}},Computer Science,11-20,18,{\displaystyle {\frac {w_{i}}{n_{i}}}+c{\sqrt {\frac {\ln N_{i}}{n_{i}}}}},https://en.wikipedia.org/wiki/Monte_Carlo_tree_search,extended,"The fraction with numerator w subscript lowercase i, and denominator n subscript lowercase i, plus c times the square root of, open parenthesis, the fraction with numerator the natural logarithm of capital N subscript lowercase i, and denominator n subscript lowercase i, close parenthesis, where this expression is applied in the game tree to choose the move with the highest value.","<prosody rate=""medium"">The fraction with numerator <emphasis>w subscript lowercase i</emphasis>, and denominator <emphasis>n subscript lowercase i</emphasis>, <break time=""250ms""/> plus <emphasis>c</emphasis> times the square root of, <break time=""200ms""/> open parenthesis, <break time=""150ms""/> the fraction with numerator the natural logarithm of <emphasis>capital N subscript lowercase i</emphasis>, and denominator <emphasis>n subscript lowercase i</emphasis>, <break time=""150ms""/> close parenthesis, <break time=""250ms""/> where this expression is applied in the game tree to choose the move with the highest value.</prosody>",4,4,6,study4_r5,6B,4,Fractions and divisions structures;Capitalization,4,4,4,1.0,2026/07/08 1:15:08 AM OESZ,4,4,4,5,4,Male,45-54,Germany,Doctorate / PhD (or comparable university degree),Computer Science,"Advanced university mathematics (proofs, abstract algebra, advanced calculus, etc.)",Near-native / Native (C2 or native speaker),Smartphone,"Built-in speakers (in smartphone, notebook, tablet, etc.)",24.346
35,"https://en.wikipedia.org/wiki/Bayesian_game|{\displaystyle S_{i}=\{s_{i}\colon T_{i}\rightarrow A_{i}\mid (s_{i}(t_{i}),t_{i})\in C_{i},\forall t_{i}\}.}",Economics,31-40,35,"{\displaystyle S_{i}=\{s_{i}\colon T_{i}\rightarrow A_{i}\mid (s_{i}(t_{i}),t_{i})\in C_{i},\forall t_{i}\}.}",https://en.wikipedia.org/wiki/Bayesian_game,extended,"Capital S sub i, equals, open curly brace, s sub i, colon, capital T sub i, right arrow, capital A sub i, vertical bar, open parenthesis, s sub i, open parenthesis, t sub i, close parenthesis, comma, t sub i, close parenthesis, is an element of capital C sub i, comma, for all t sub i, close curly brace, which defines the set of pure strategies for player i in the Bayesian game.","<prosody rate=""slow"">Capital S sub i, equals, <break time=""200ms""/> open curly brace, <break time=""150ms""/> <emphasis>s sub i</emphasis>, colon, <break time=""150ms""/> capital T sub i, right arrow, capital A sub i, <break time=""200ms""/> vertical bar, <break time=""200ms""/> open parenthesis, <break time=""120ms""/> s sub i, open parenthesis, t sub i, close parenthesis, <break time=""120ms""/> comma, <break time=""120ms""/> t sub i, close parenthesis, <break time=""200ms""/> is an element of <emphasis>capital C sub i</emphasis>, <break time=""150ms""/> comma, <break time=""120ms""/> for all t sub i, <break time=""150ms""/> close curly brace, <break time=""250ms""/> which defines the set of pure strategies for player i in the Bayesian game.</prosody>",4,5,12,study4_r1,12B,3,"Brackets and grouping (e.g. ""(..)"" or ""{..}"");Mathematical symbols and operators (e.g. ""+"", ""-"", sum or integral);Greek letters;Variable names;Punctuation and separators",4,3,3,4.0,2026/06/20 8:32:53 PM OESZ,3,4,2,3,2,Male,25-34,Germany,Master's Degree (or comparable university degree),Computer Science,"Advanced university mathematics (proofs, abstract algebra, advanced calculus, etc.)",Advanced (C1),Laptop,"Built-in speakers (in smartphone, notebook, tablet, etc.)",36.258
35,"https://en.wikipedia.org/wiki/Bayesian_game|{\displaystyle S_{i}=\{s_{i}\colon T_{i}\rightarrow A_{i}\mid (s_{i}(t_{i}),t_{i})\in C_{i},\forall t_{i}\}.}",Economics,31-40,35,"{\displaystyle S_{i}=\{s_{i}\colon T_{i}\rightarrow A_{i}\mid (s_{i}(t_{i}),t_{i})\in C_{i},\forall t_{i}\}.}",https://en.wikipedia.org/wiki/Bayesian_game,extended,"Capital S sub i, equals, open curly brace, s sub i, colon, capital T sub i, right arrow, capital A sub i, vertical bar, open parenthesis, s sub i, open parenthesis, t sub i, close parenthesis, comma, t sub i, close parenthesis, is an element of capital C sub i, comma, for all t sub i, close curly brace, which defines the set of pure strategies for player i in the Bayesian game.","<prosody rate=""slow"">Capital S sub i, equals, <break time=""200ms""/> open curly brace, <break time=""150ms""/> <emphasis>s sub i</emphasis>, colon, <break time=""150ms""/> capital T sub i, right arrow, capital A sub i, <break time=""200ms""/> vertical bar, <break time=""200ms""/> open parenthesis, <break time=""120ms""/> s sub i, open parenthesis, t sub i, close parenthesis, <break time=""120ms""/> comma, <break time=""120ms""/> t sub i, close parenthesis, <break time=""200ms""/> is an element of <emphasis>capital C sub i</emphasis>, <break time=""150ms""/> comma, <break time=""120ms""/> for all t sub i, <break time=""150ms""/> close curly brace, <break time=""250ms""/> which defines the set of pure strategies for player i in the Bayesian game.</prosody>",4,5,12,study4_r2,12B,3,"The ""T"" sounded like ""D"". The ""is an element of"" and ""for all"" describes the relationship. Why is that not the case for "":"" -> ""such that"", ""-->"" -> ""approaching"" and ""|"" -> ""given""?",2,1,3,3.0,2026/06/21 1:05:46 PM OESZ,2,2,1,1,1,Male,45-54,Germany,Bachelor's Degree (or comparable university degree),Mathematics;Statistics;Computer Science,"Undergraduate-level mathematics (calculus, matrices, vectors, statistics)",Near-native / Native (C2 or native speaker),Desktop computer,Headphones,36.258
35,"https://en.wikipedia.org/wiki/Bayesian_game|{\displaystyle S_{i}=\{s_{i}\colon T_{i}\rightarrow A_{i}\mid (s_{i}(t_{i}),t_{i})\in C_{i},\forall t_{i}\}.}",Economics,31-40,35,"{\displaystyle S_{i}=\{s_{i}\colon T_{i}\rightarrow A_{i}\mid (s_{i}(t_{i}),t_{i})\in C_{i},\forall t_{i}\}.}",https://en.wikipedia.org/wiki/Bayesian_game,extended,"Capital S sub i, equals, open curly brace, s sub i, colon, capital T sub i, right arrow, capital A sub i, vertical bar, open parenthesis, s sub i, open parenthesis, t sub i, close parenthesis, comma, t sub i, close parenthesis, is an element of capital C sub i, comma, for all t sub i, close curly brace, which defines the set of pure strategies for player i in the Bayesian game.","<prosody rate=""slow"">Capital S sub i, equals, <break time=""200ms""/> open curly brace, <break time=""150ms""/> <emphasis>s sub i</emphasis>, colon, <break time=""150ms""/> capital T sub i, right arrow, capital A sub i, <break time=""200ms""/> vertical bar, <break time=""200ms""/> open parenthesis, <break time=""120ms""/> s sub i, open parenthesis, t sub i, close parenthesis, <break time=""120ms""/> comma, <break time=""120ms""/> t sub i, close parenthesis, <break time=""200ms""/> is an element of <emphasis>capital C sub i</emphasis>, <break time=""150ms""/> comma, <break time=""120ms""/> for all t sub i, <break time=""150ms""/> close curly brace, <break time=""250ms""/> which defines the set of pure strategies for player i in the Bayesian game.</prosody>",4,5,12,study4_r3,12B,4,"Brackets and grouping (e.g. ""(..)"" or ""{..}"");Mathematical symbols and operators (e.g. ""+"", ""-"", sum or integral)",3,3,3,4.0,2026/06/29 11:43:46 PM OESZ,5,4,4,4,2,Female,35-44,Germany,Master's Degree (or comparable university degree),Computer Science,"Advanced university mathematics (proofs, abstract algebra, advanced calculus, etc.)",Advanced (C1),Smartphone,"Built-in speakers (in smartphone, notebook, tablet, etc.)",36.258
35,"https://en.wikipedia.org/wiki/Bayesian_game|{\displaystyle S_{i}=\{s_{i}\colon T_{i}\rightarrow A_{i}\mid (s_{i}(t_{i}),t_{i})\in C_{i},\forall t_{i}\}.}",Economics,31-40,35,"{\displaystyle S_{i}=\{s_{i}\colon T_{i}\rightarrow A_{i}\mid (s_{i}(t_{i}),t_{i})\in C_{i},\forall t_{i}\}.}",https://en.wikipedia.org/wiki/Bayesian_game,extended,"Capital S sub i, equals, open curly brace, s sub i, colon, capital T sub i, right arrow, capital A sub i, vertical bar, open parenthesis, s sub i, open parenthesis, t sub i, close parenthesis, comma, t sub i, close parenthesis, is an element of capital C sub i, comma, for all t sub i, close curly brace, which defines the set of pure strategies for player i in the Bayesian game.","<prosody rate=""slow"">Capital S sub i, equals, <break time=""200ms""/> open curly brace, <break time=""150ms""/> <emphasis>s sub i</emphasis>, colon, <break time=""150ms""/> capital T sub i, right arrow, capital A sub i, <break time=""200ms""/> vertical bar, <break time=""200ms""/> open parenthesis, <break time=""120ms""/> s sub i, open parenthesis, t sub i, close parenthesis, <break time=""120ms""/> comma, <break time=""120ms""/> t sub i, close parenthesis, <break time=""200ms""/> is an element of <emphasis>capital C sub i</emphasis>, <break time=""150ms""/> comma, <break time=""120ms""/> for all t sub i, <break time=""150ms""/> close curly brace, <break time=""250ms""/> which defines the set of pure strategies for player i in the Bayesian game.</prosody>",4,5,12,study4_r4,12B,2,"Brackets and grouping (e.g. ""(..)"" or ""{..}"");Mathematical symbols and operators (e.g. ""+"", ""-"", sum or integral);Punctuation and separators",1,1,2,4.0,2026/07/02 1:47:10 PM OESZ,2,4,3,2,2,Male,35-44,Germany,Doctorate / PhD (or comparable university degree),Mathematics,"Advanced university mathematics (proofs, abstract algebra, advanced calculus, etc.)",Near-native / Native (C2 or native speaker),Laptop,"Built-in speakers (in smartphone, notebook, tablet, etc.)",36.258
35,"https://en.wikipedia.org/wiki/Bayesian_game|{\displaystyle S_{i}=\{s_{i}\colon T_{i}\rightarrow A_{i}\mid (s_{i}(t_{i}),t_{i})\in C_{i},\forall t_{i}\}.}",Economics,31-40,35,"{\displaystyle S_{i}=\{s_{i}\colon T_{i}\rightarrow A_{i}\mid (s_{i}(t_{i}),t_{i})\in C_{i},\forall t_{i}\}.}",https://en.wikipedia.org/wiki/Bayesian_game,extended,"Capital S sub i, equals, open curly brace, s sub i, colon, capital T sub i, right arrow, capital A sub i, vertical bar, open parenthesis, s sub i, open parenthesis, t sub i, close parenthesis, comma, t sub i, close parenthesis, is an element of capital C sub i, comma, for all t sub i, close curly brace, which defines the set of pure strategies for player i in the Bayesian game.","<prosody rate=""slow"">Capital S sub i, equals, <break time=""200ms""/> open curly brace, <break time=""150ms""/> <emphasis>s sub i</emphasis>, colon, <break time=""150ms""/> capital T sub i, right arrow, capital A sub i, <break time=""200ms""/> vertical bar, <break time=""200ms""/> open parenthesis, <break time=""120ms""/> s sub i, open parenthesis, t sub i, close parenthesis, <break time=""120ms""/> comma, <break time=""120ms""/> t sub i, close parenthesis, <break time=""200ms""/> is an element of <emphasis>capital C sub i</emphasis>, <break time=""150ms""/> comma, <break time=""120ms""/> for all t sub i, <break time=""150ms""/> close curly brace, <break time=""250ms""/> which defines the set of pure strategies for player i in the Bayesian game.</prosody>",4,5,12,study4_r5,12B,3,"Mathematical symbols and operators (e.g. ""+"", ""-"", sum or integral);Punctuation and separators",4,2,2,2.0,2026/07/08 1:15:08 AM OESZ,4,4,4,5,4,Male,45-54,Germany,Doctorate / PhD (or comparable university degree),Computer Science,"Advanced university mathematics (proofs, abstract algebra, advanced calculus, etc.)",Near-native / Native (C2 or native speaker),Smartphone,"Built-in speakers (in smartphone, notebook, tablet, etc.)",36.258
42,"https://en.wikipedia.org/wiki/Quantum_harmonic_oscillator|{\displaystyle \psi (x,t)=\int dy~K(x,y;t)\psi (y,0)~.}",Physics,21-30,23,"{\displaystyle \psi (x,t)=\int dy~K(x,y;t)\psi (y,0)~.}",https://en.wikipedia.org/wiki/Quantum_harmonic_oscillator,extended,"The wavefunction psi of, open parenthesis, x comma t, close parenthesis, equals, the integral over d y of capital K of, open parenthesis, x comma y semicolon t, close parenthesis, times, psi of, open parenthesis, y comma zero, close parenthesis, where capital K is the propagator, also known as the Mehler kernel, for the time-dependent Schrödinger operator of the quantum harmonic oscillator.","<prosody rate=""slow"">The wavefunction <emphasis>psi</emphasis> of, open parenthesis, x comma t, close parenthesis, equals,<break time=""300ms""/> the integral over d y of <emphasis>capital K</emphasis> of, open parenthesis, x comma y semicolon t, close parenthesis,<break time=""200ms""/> times,<break time=""200ms""/> <emphasis>psi</emphasis> of, open parenthesis, y comma zero, close parenthesis,<break time=""300ms""/> where <emphasis>capital K</emphasis> is the propagator, also known as the Mehler kernel, for the time-dependent Schrödinger operator of the quantum harmonic oscillator.</prosody>",4,6,19,study4_r1,19B,2,"Brackets and grouping (e.g. ""(..)"" or ""{..}"");Mathematical symbols and operators (e.g. ""+"", ""-"", sum or integral);Greek letters;Punctuation and separators",2,2,2,4.0,2026/06/20 8:32:53 PM OESZ,3,4,2,3,2,Male,25-34,Germany,Master's Degree (or comparable university degree),Computer Science,"Advanced university mathematics (proofs, abstract algebra, advanced calculus, etc.)",Advanced (C1),Laptop,"Built-in speakers (in smartphone, notebook, tablet, etc.)",31.947666666666667
42,"https://en.wikipedia.org/wiki/Quantum_harmonic_oscillator|{\displaystyle \psi (x,t)=\int dy~K(x,y;t)\psi (y,0)~.}",Physics,21-30,23,"{\displaystyle \psi (x,t)=\int dy~K(x,y;t)\psi (y,0)~.}",https://en.wikipedia.org/wiki/Quantum_harmonic_oscillator,extended,"The wavefunction psi of, open parenthesis, x comma t, close parenthesis, equals, the integral over d y of capital K of, open parenthesis, x comma y semicolon t, close parenthesis, times, psi of, open parenthesis, y comma zero, close parenthesis, where capital K is the propagator, also known as the Mehler kernel, for the time-dependent Schrödinger operator of the quantum harmonic oscillator.","<prosody rate=""slow"">The wavefunction <emphasis>psi</emphasis> of, open parenthesis, x comma t, close parenthesis, equals,<break time=""300ms""/> the integral over d y of <emphasis>capital K</emphasis> of, open parenthesis, x comma y semicolon t, close parenthesis,<break time=""200ms""/> times,<break time=""200ms""/> <emphasis>psi</emphasis> of, open parenthesis, y comma zero, close parenthesis,<break time=""300ms""/> where <emphasis>capital K</emphasis> is the propagator, also known as the Mehler kernel, for the time-dependent Schrödinger operator of the quantum harmonic oscillator.</prosody>",4,6,19,study4_r2,19B,3,"Greek letters;The ""psi ov"" and ""K ov"" (""of"" sounded like ""ov"") was distracting.",3,1,3,2.0,2026/06/21 1:05:46 PM OESZ,2,2,1,1,1,Male,45-54,Germany,Bachelor's Degree (or comparable university degree),Mathematics;Statistics;Computer Science,"Undergraduate-level mathematics (calculus, matrices, vectors, statistics)",Near-native / Native (C2 or native speaker),Desktop computer,Headphones,31.947666666666667
42,"https://en.wikipedia.org/wiki/Quantum_harmonic_oscillator|{\displaystyle \psi (x,t)=\int dy~K(x,y;t)\psi (y,0)~.}",Physics,21-30,23,"{\displaystyle \psi (x,t)=\int dy~K(x,y;t)\psi (y,0)~.}",https://en.wikipedia.org/wiki/Quantum_harmonic_oscillator,extended,"The wavefunction psi of, open parenthesis, x comma t, close parenthesis, equals, the integral over d y of capital K of, open parenthesis, x comma y semicolon t, close parenthesis, times, psi of, open parenthesis, y comma zero, close parenthesis, where capital K is the propagator, also known as the Mehler kernel, for the time-dependent Schrödinger operator of the quantum harmonic oscillator.","<prosody rate=""slow"">The wavefunction <emphasis>psi</emphasis> of, open parenthesis, x comma t, close parenthesis, equals,<break time=""300ms""/> the integral over d y of <emphasis>capital K</emphasis> of, open parenthesis, x comma y semicolon t, close parenthesis,<break time=""200ms""/> times,<break time=""200ms""/> <emphasis>psi</emphasis> of, open parenthesis, y comma zero, close parenthesis,<break time=""300ms""/> where <emphasis>capital K</emphasis> is the propagator, also known as the Mehler kernel, for the time-dependent Schrödinger operator of the quantum harmonic oscillator.</prosody>",4,6,19,study4_r3,19B,4,Subscripts and indices;Punctuation and separators,2,4,3,4.0,2026/06/29 11:43:46 PM OESZ,5,4,4,4,2,Female,35-44,Germany,Master's Degree (or comparable university degree),Computer Science,"Advanced university mathematics (proofs, abstract algebra, advanced calculus, etc.)",Advanced (C1),Smartphone,"Built-in speakers (in smartphone, notebook, tablet, etc.)",31.947666666666667
42,"https://en.wikipedia.org/wiki/Quantum_harmonic_oscillator|{\displaystyle \psi (x,t)=\int dy~K(x,y;t)\psi (y,0)~.}",Physics,21-30,23,"{\displaystyle \psi (x,t)=\int dy~K(x,y;t)\psi (y,0)~.}",https://en.wikipedia.org/wiki/Quantum_harmonic_oscillator,extended,"The wavefunction psi of, open parenthesis, x comma t, close parenthesis, equals, the integral over d y of capital K of, open parenthesis, x comma y semicolon t, close parenthesis, times, psi of, open parenthesis, y comma zero, close parenthesis, where capital K is the propagator, also known as the Mehler kernel, for the time-dependent Schrödinger operator of the quantum harmonic oscillator.","<prosody rate=""slow"">The wavefunction <emphasis>psi</emphasis> of, open parenthesis, x comma t, close parenthesis, equals,<break time=""300ms""/> the integral over d y of <emphasis>capital K</emphasis> of, open parenthesis, x comma y semicolon t, close parenthesis,<break time=""200ms""/> times,<break time=""200ms""/> <emphasis>psi</emphasis> of, open parenthesis, y comma zero, close parenthesis,<break time=""300ms""/> where <emphasis>capital K</emphasis> is the propagator, also known as the Mehler kernel, for the time-dependent Schrödinger operator of the quantum harmonic oscillator.</prosody>",4,6,19,study4_r4,19B,2,"Brackets and grouping (e.g. ""(..)"" or ""{..}"");Mathematical symbols and operators (e.g. ""+"", ""-"", sum or integral);Greek letters;Das Integral ist leicht zu überhören; die Art, wie Funktionsargumente vorgelesen werden, machen die Formel schwerfällig",2,2,4,4.0,2026/07/02 1:47:10 PM OESZ,2,4,3,2,2,Male,35-44,Germany,Doctorate / PhD (or comparable university degree),Mathematics,"Advanced university mathematics (proofs, abstract algebra, advanced calculus, etc.)",Near-native / Native (C2 or native speaker),Laptop,"Built-in speakers (in smartphone, notebook, tablet, etc.)",31.947666666666667
42,"https://en.wikipedia.org/wiki/Quantum_harmonic_oscillator|{\displaystyle \psi (x,t)=\int dy~K(x,y;t)\psi (y,0)~.}",Physics,21-30,23,"{\displaystyle \psi (x,t)=\int dy~K(x,y;t)\psi (y,0)~.}",https://en.wikipedia.org/wiki/Quantum_harmonic_oscillator,extended,"The wavefunction psi of, open parenthesis, x comma t, close parenthesis, equals, the integral over d y of capital K of, open parenthesis, x comma y semicolon t, close parenthesis, times, psi of, open parenthesis, y comma zero, close parenthesis, where capital K is the propagator, also known as the Mehler kernel, for the time-dependent Schrödinger operator of the quantum harmonic oscillator.","<prosody rate=""slow"">The wavefunction <emphasis>psi</emphasis> of, open parenthesis, x comma t, close parenthesis, equals,<break time=""300ms""/> the integral over d y of <emphasis>capital K</emphasis> of, open parenthesis, x comma y semicolon t, close parenthesis,<break time=""200ms""/> times,<break time=""200ms""/> <emphasis>psi</emphasis> of, open parenthesis, y comma zero, close parenthesis,<break time=""300ms""/> where <emphasis>capital K</emphasis> is the propagator, also known as the Mehler kernel, for the time-dependent Schrödinger operator of the quantum harmonic oscillator.</prosody>",4,6,19,study4_r5,19B,2,"Mathematical symbols and operators (e.g. ""+"", ""-"", sum or integral);Greek letters;Latin letters",3,4,2,2.0,2026/07/08 1:15:08 AM OESZ,4,4,4,5,4,Male,45-54,Germany,Doctorate / PhD (or comparable university degree),Computer Science,"Advanced university mathematics (proofs, abstract algebra, advanced calculus, etc.)",Near-native / Native (C2 or native speaker),Smartphone,"Built-in speakers (in smartphone, notebook, tablet, etc.)",31.947666666666667
36,http://en.wikipedia.org/wiki/Lenstra%E2%80%93Lenstra%E2%80%93Lov%C3%A1sz_lattice_basis_reduction_algorithm|\ d \leq n,Mathematics,1-10,2,\ d \leq n,http://en.wikipedia.org/wiki/Lenstra%E2%80%93Lenstra%E2%80%93Lov%C3%A1sz_lattice_basis_reduction_algorithm,extended,"d, is less than or equal to n, where d is the number of basis vectors, and n is the dimension of the lattice","<prosody rate=""medium"">d,<break time=""200ms""/> is less than or equal to n,<break time=""300ms""/> <emphasis>where d is the number of basis vectors,</emphasis><break time=""200ms""/> and <emphasis>n is the dimension of the lattice</emphasis></prosody>",4,7,13,study4_r1,13B,5,Nothing was difficult,5,4,5,4.0,2026/06/20 8:32:53 PM OESZ,3,4,2,3,2,Male,25-34,Germany,Master's Degree (or comparable university degree),Computer Science,"Advanced university mathematics (proofs, abstract algebra, advanced calculus, etc.)",Advanced (C1),Laptop,"Built-in speakers (in smartphone, notebook, tablet, etc.)",7.862833333333334
36,http://en.wikipedia.org/wiki/Lenstra%E2%80%93Lenstra%E2%80%93Lov%C3%A1sz_lattice_basis_reduction_algorithm|\ d \leq n,Mathematics,1-10,2,\ d \leq n,http://en.wikipedia.org/wiki/Lenstra%E2%80%93Lenstra%E2%80%93Lov%C3%A1sz_lattice_basis_reduction_algorithm,extended,"d, is less than or equal to n, where d is the number of basis vectors, and n is the dimension of the lattice","<prosody rate=""medium"">d,<break time=""200ms""/> is less than or equal to n,<break time=""300ms""/> <emphasis>where d is the number of basis vectors,</emphasis><break time=""200ms""/> and <emphasis>n is the dimension of the lattice</emphasis></prosody>",4,7,13,study4_r2,13B,5,"n is the dimension of what exactly? I heard ""lattice""",2,1,4,2.0,2026/06/21 1:05:46 PM OESZ,2,2,1,1,1,Male,45-54,Germany,Bachelor's Degree (or comparable university degree),Mathematics;Statistics;Computer Science,"Undergraduate-level mathematics (calculus, matrices, vectors, statistics)",Near-native / Native (C2 or native speaker),Desktop computer,Headphones,7.862833333333334
36,http://en.wikipedia.org/wiki/Lenstra%E2%80%93Lenstra%E2%80%93Lov%C3%A1sz_lattice_basis_reduction_algorithm|\ d \leq n,Mathematics,1-10,2,\ d \leq n,http://en.wikipedia.org/wiki/Lenstra%E2%80%93Lenstra%E2%80%93Lov%C3%A1sz_lattice_basis_reduction_algorithm,extended,"d, is less than or equal to n, where d is the number of basis vectors, and n is the dimension of the lattice","<prosody rate=""medium"">d,<break time=""200ms""/> is less than or equal to n,<break time=""300ms""/> <emphasis>where d is the number of basis vectors,</emphasis><break time=""200ms""/> and <emphasis>n is the dimension of the lattice</emphasis></prosody>",4,7,13,study4_r3,13B,5,Nothing was difficult,3,3,3,3.0,2026/06/29 11:43:46 PM OESZ,5,4,4,4,2,Female,35-44,Germany,Master's Degree (or comparable university degree),Computer Science,"Advanced university mathematics (proofs, abstract algebra, advanced calculus, etc.)",Advanced (C1),Smartphone,"Built-in speakers (in smartphone, notebook, tablet, etc.)",7.862833333333334
36,http://en.wikipedia.org/wiki/Lenstra%E2%80%93Lenstra%E2%80%93Lov%C3%A1sz_lattice_basis_reduction_algorithm|\ d \leq n,Mathematics,1-10,2,\ d \leq n,http://en.wikipedia.org/wiki/Lenstra%E2%80%93Lenstra%E2%80%93Lov%C3%A1sz_lattice_basis_reduction_algorithm,extended,"d, is less than or equal to n, where d is the number of basis vectors, and n is the dimension of the lattice","<prosody rate=""medium"">d,<break time=""200ms""/> is less than or equal to n,<break time=""300ms""/> <emphasis>where d is the number of basis vectors,</emphasis><break time=""200ms""/> and <emphasis>n is the dimension of the lattice</emphasis></prosody>",4,7,13,study4_r4,13B,5,Nothing was difficult,5,3,4,5.0,2026/07/02 1:47:10 PM OESZ,2,4,3,2,2,Male,35-44,Germany,Doctorate / PhD (or comparable university degree),Mathematics,"Advanced university mathematics (proofs, abstract algebra, advanced calculus, etc.)",Near-native / Native (C2 or native speaker),Laptop,"Built-in speakers (in smartphone, notebook, tablet, etc.)",7.862833333333334
36,http://en.wikipedia.org/wiki/Lenstra%E2%80%93Lenstra%E2%80%93Lov%C3%A1sz_lattice_basis_reduction_algorithm|\ d \leq n,Mathematics,1-10,2,\ d \leq n,http://en.wikipedia.org/wiki/Lenstra%E2%80%93Lenstra%E2%80%93Lov%C3%A1sz_lattice_basis_reduction_algorithm,extended,"d, is less than or equal to n, where d is the number of basis vectors, and n is the dimension of the lattice","<prosody rate=""medium"">d,<break time=""200ms""/> is less than or equal to n,<break time=""300ms""/> <emphasis>where d is the number of basis vectors,</emphasis><break time=""200ms""/> and <emphasis>n is the dimension of the lattice</emphasis></prosody>",4,7,13,study4_r5,13B,5,Nothing was difficult,4,4,5,4.0,2026/07/08 1:15:08 AM OESZ,4,4,4,5,4,Male,45-54,Germany,Doctorate / PhD (or comparable university degree),Computer Science,"Advanced university mathematics (proofs, abstract algebra, advanced calculus, etc.)",Near-native / Native (C2 or native speaker),Smartphone,"Built-in speakers (in smartphone, notebook, tablet, etc.)",7.862833333333334
1,https://en.wikipedia.org/wiki/Vapor%E2%80%93liquid_equilibrium|{\displaystyle K_{i}={\frac {P_{i}^{\star }}{P}}},Chemistry,11-20,11,{\displaystyle K_{i}={\frac {P_{i}^{\star }}{P}}},https://en.wikipedia.org/wiki/Vapor%E2%80%93liquid_equilibrium,standard,"Capital K sub i, equals, the fraction with numerator, capital P sub i, superscript asterisk, and denominator, capital P.","<prosody rate=""medium"">Capital K sub i, <break time=""200ms""/> equals, <break time=""250ms""/> the fraction with numerator, <break time=""200ms""/> <emphasis>capital P sub i, superscript asterisk,</emphasis> <break time=""250ms""/> and denominator, <break time=""200ms""/> <emphasis>capital P.</emphasis></prosody>",4,8,2,study4_r1,2A,5,Nothing was difficult,5,4,4,,2026/06/20 8:32:53 PM OESZ,3,4,2,3,2,Male,25-34,Germany,Master's Degree (or comparable university degree),Computer Science,"Advanced university mathematics (proofs, abstract algebra, advanced calculus, etc.)",Advanced (C1),Laptop,"Built-in speakers (in smartphone, notebook, tablet, etc.)",10.7885
1,https://en.wikipedia.org/wiki/Vapor%E2%80%93liquid_equilibrium|{\displaystyle K_{i}={\frac {P_{i}^{\star }}{P}}},Chemistry,11-20,11,{\displaystyle K_{i}={\frac {P_{i}^{\star }}{P}}},https://en.wikipedia.org/wiki/Vapor%E2%80%93liquid_equilibrium,standard,"Capital K sub i, equals, the fraction with numerator, capital P sub i, superscript asterisk, and denominator, capital P.","<prosody rate=""medium"">Capital K sub i, <break time=""200ms""/> equals, <break time=""250ms""/> the fraction with numerator, <break time=""200ms""/> <emphasis>capital P sub i, superscript asterisk,</emphasis> <break time=""250ms""/> and denominator, <break time=""200ms""/> <emphasis>capital P.</emphasis></prosody>",4,8,2,study4_r2,2A,3,"It sounded like the ""i"" had superscript ""*"" and not ""capital P""",2,1,4,,2026/06/21 1:05:46 PM OESZ,2,2,1,1,1,Male,45-54,Germany,Bachelor's Degree (or comparable university degree),Mathematics;Statistics;Computer Science,"Undergraduate-level mathematics (calculus, matrices, vectors, statistics)",Near-native / Native (C2 or native speaker),Desktop computer,Headphones,10.7885
1,https://en.wikipedia.org/wiki/Vapor%E2%80%93liquid_equilibrium|{\displaystyle K_{i}={\frac {P_{i}^{\star }}{P}}},Chemistry,11-20,11,{\displaystyle K_{i}={\frac {P_{i}^{\star }}{P}}},https://en.wikipedia.org/wiki/Vapor%E2%80%93liquid_equilibrium,standard,"Capital K sub i, equals, the fraction with numerator, capital P sub i, superscript asterisk, and denominator, capital P.","<prosody rate=""medium"">Capital K sub i, <break time=""200ms""/> equals, <break time=""250ms""/> the fraction with numerator, <break time=""200ms""/> <emphasis>capital P sub i, superscript asterisk,</emphasis> <break time=""250ms""/> and denominator, <break time=""200ms""/> <emphasis>capital P.</emphasis></prosody>",4,8,2,study4_r3,2A,5,Fractions and divisions structures;Subscripts and indices,2,2,2,,2026/06/29 11:43:46 PM OESZ,5,4,4,4,2,Female,35-44,Germany,Master's Degree (or comparable university degree),Computer Science,"Advanced university mathematics (proofs, abstract algebra, advanced calculus, etc.)",Advanced (C1),Smartphone,"Built-in speakers (in smartphone, notebook, tablet, etc.)",10.7885
1,https://en.wikipedia.org/wiki/Vapor%E2%80%93liquid_equilibrium|{\displaystyle K_{i}={\frac {P_{i}^{\star }}{P}}},Chemistry,11-20,11,{\displaystyle K_{i}={\frac {P_{i}^{\star }}{P}}},https://en.wikipedia.org/wiki/Vapor%E2%80%93liquid_equilibrium,standard,"Capital K sub i, equals, the fraction with numerator, capital P sub i, superscript asterisk, and denominator, capital P.","<prosody rate=""medium"">Capital K sub i, <break time=""200ms""/> equals, <break time=""250ms""/> the fraction with numerator, <break time=""200ms""/> <emphasis>capital P sub i, superscript asterisk,</emphasis> <break time=""250ms""/> and denominator, <break time=""200ms""/> <emphasis>capital P.</emphasis></prosody>",4,8,2,study4_r4,2A,4,"Mathematical symbols and operators (e.g. ""+"", ""-"", sum or integral);Der Asterisk kommt überraschend und seine Bedeutung ist nicht klar.",4,4,4,,2026/07/02 1:47:10 PM OESZ,2,4,3,2,2,Male,35-44,Germany,Doctorate / PhD (or comparable university degree),Mathematics,"Advanced university mathematics (proofs, abstract algebra, advanced calculus, etc.)",Near-native / Native (C2 or native speaker),Laptop,"Built-in speakers (in smartphone, notebook, tablet, etc.)",10.7885
1,https://en.wikipedia.org/wiki/Vapor%E2%80%93liquid_equilibrium|{\displaystyle K_{i}={\frac {P_{i}^{\star }}{P}}},Chemistry,11-20,11,{\displaystyle K_{i}={\frac {P_{i}^{\star }}{P}}},https://en.wikipedia.org/wiki/Vapor%E2%80%93liquid_equilibrium,standard,"Capital K sub i, equals, the fraction with numerator, capital P sub i, superscript asterisk, and denominator, capital P.","<prosody rate=""medium"">Capital K sub i, <break time=""200ms""/> equals, <break time=""250ms""/> the fraction with numerator, <break time=""200ms""/> <emphasis>capital P sub i, superscript asterisk,</emphasis> <break time=""250ms""/> and denominator, <break time=""200ms""/> <emphasis>capital P.</emphasis></prosody>",4,8,2,study4_r5,2A,4,Greek letters;Latin letters,4,4,4,,2026/07/08 1:15:08 AM OESZ,4,4,4,5,4,Male,45-54,Germany,Doctorate / PhD (or comparable university degree),Computer Science,"Advanced university mathematics (proofs, abstract algebra, advanced calculus, etc.)",Near-native / Native (C2 or native speaker),Smartphone,"Built-in speakers (in smartphone, notebook, tablet, etc.)",10.7885
7,"https://en.wikipedia.org/wiki/Rendezvous_hashing|{\displaystyle C_{1}=\left\{S_{1},S_{2}\dots S_{m}\right\},C_{2}=\left\{S_{m+1},S_{m+2}\dots S_{2m}\right\}\dots }",Computer Science,31-40,36,"{\displaystyle C_{1}=\left\{S_{1},S_{2}\dots S_{m}\right\},C_{2}=\left\{S_{m+1},S_{m+2}\dots S_{2m}\right\}\dots }",https://en.wikipedia.org/wiki/Rendezvous_hashing,standard,"capital C subscript one, equals, left curly brace, capital S subscript one, comma, capital S subscript two, dot dot dot, capital S subscript m, right curly brace, comma, capital C subscript two, equals, left curly brace, capital S subscript m plus one, comma, capital S subscript m plus two, dot dot dot, capital S subscript two m, right curly brace, dot dot dot.","<prosody rate=""slow"">capital C subscript one, <break time=""250ms""/> equals, <break time=""250ms""/> left curly brace, <break time=""200ms""/> <emphasis level=""moderate"">capital S subscript one</emphasis>, <break time=""150ms""/> comma, <break time=""150ms""/> <emphasis level=""moderate"">capital S subscript two</emphasis>, <break time=""150ms""/> dot dot dot, <break time=""150ms""/> <emphasis level=""moderate"">capital S subscript m</emphasis>, <break time=""200ms""/> right curly brace, <break time=""250ms""/> comma, <break time=""300ms""/> <emphasis level=""moderate"">capital C subscript two</emphasis>, <break time=""250ms""/> equals, <break time=""250ms""/> left curly brace, <break time=""200ms""/> <emphasis level=""moderate"">capital S subscript m plus one</emphasis>, <break time=""150ms""/> comma, <break time=""150ms""/> <emphasis level=""moderate"">capital S subscript m plus two</emphasis>, <break time=""150ms""/> dot dot dot, <break time=""150ms""/> <emphasis level=""moderate"">capital S subscript two m</emphasis>, <break time=""200ms""/> right curly brace, <break time=""250ms""/> dot dot dot.</prosody>",4,9,8,study4_r1,8A,3,"Brackets and grouping (e.g. ""(..)"" or ""{..}"");Subscripts and indices",4,3,4,,2026/06/20 8:32:53 PM OESZ,3,4,2,3,2,Male,25-34,Germany,Master's Degree (or comparable university degree),Computer Science,"Advanced university mathematics (proofs, abstract algebra, advanced calculus, etc.)",Advanced (C1),Laptop,"Built-in speakers (in smartphone, notebook, tablet, etc.)",39.94116666666667
7,"https://en.wikipedia.org/wiki/Rendezvous_hashing|{\displaystyle C_{1}=\left\{S_{1},S_{2}\dots S_{m}\right\},C_{2}=\left\{S_{m+1},S_{m+2}\dots S_{2m}\right\}\dots }",Computer Science,31-40,36,"{\displaystyle C_{1}=\left\{S_{1},S_{2}\dots S_{m}\right\},C_{2}=\left\{S_{m+1},S_{m+2}\dots S_{2m}\right\}\dots }",https://en.wikipedia.org/wiki/Rendezvous_hashing,standard,"capital C subscript one, equals, left curly brace, capital S subscript one, comma, capital S subscript two, dot dot dot, capital S subscript m, right curly brace, comma, capital C subscript two, equals, left curly brace, capital S subscript m plus one, comma, capital S subscript m plus two, dot dot dot, capital S subscript two m, right curly brace, dot dot dot.","<prosody rate=""slow"">capital C subscript one, <break time=""250ms""/> equals, <break time=""250ms""/> left curly brace, <break time=""200ms""/> <emphasis level=""moderate"">capital S subscript one</emphasis>, <break time=""150ms""/> comma, <break time=""150ms""/> <emphasis level=""moderate"">capital S subscript two</emphasis>, <break time=""150ms""/> dot dot dot, <break time=""150ms""/> <emphasis level=""moderate"">capital S subscript m</emphasis>, <break time=""200ms""/> right curly brace, <break time=""250ms""/> comma, <break time=""300ms""/> <emphasis level=""moderate"">capital C subscript two</emphasis>, <break time=""250ms""/> equals, <break time=""250ms""/> left curly brace, <break time=""200ms""/> <emphasis level=""moderate"">capital S subscript m plus one</emphasis>, <break time=""150ms""/> comma, <break time=""150ms""/> <emphasis level=""moderate"">capital S subscript m plus two</emphasis>, <break time=""150ms""/> dot dot dot, <break time=""150ms""/> <emphasis level=""moderate"">capital S subscript two m</emphasis>, <break time=""200ms""/> right curly brace, <break time=""250ms""/> dot dot dot.</prosody>",4,9,8,study4_r2,8A,4,"Subscripts and indices;the ""m"" sounded like ""n"". The first ""S_i"" was difficult to understand since pheonetically S(es) ends with s and subscript (sa) starts with s. So it sounded like ""start curly brackets capital subscript 1"".",3,1,4,,2026/06/21 1:05:46 PM OESZ,2,2,1,1,1,Male,45-54,Germany,Bachelor's Degree (or comparable university degree),Mathematics;Statistics;Computer Science,"Undergraduate-level mathematics (calculus, matrices, vectors, statistics)",Near-native / Native (C2 or native speaker),Desktop computer,Headphones,39.94116666666667
7,"https://en.wikipedia.org/wiki/Rendezvous_hashing|{\displaystyle C_{1}=\left\{S_{1},S_{2}\dots S_{m}\right\},C_{2}=\left\{S_{m+1},S_{m+2}\dots S_{2m}\right\}\dots }",Computer Science,31-40,36,"{\displaystyle C_{1}=\left\{S_{1},S_{2}\dots S_{m}\right\},C_{2}=\left\{S_{m+1},S_{m+2}\dots S_{2m}\right\}\dots }",https://en.wikipedia.org/wiki/Rendezvous_hashing,standard,"capital C subscript one, equals, left curly brace, capital S subscript one, comma, capital S subscript two, dot dot dot, capital S subscript m, right curly brace, comma, capital C subscript two, equals, left curly brace, capital S subscript m plus one, comma, capital S subscript m plus two, dot dot dot, capital S subscript two m, right curly brace, dot dot dot.","<prosody rate=""slow"">capital C subscript one, <break time=""250ms""/> equals, <break time=""250ms""/> left curly brace, <break time=""200ms""/> <emphasis level=""moderate"">capital S subscript one</emphasis>, <break time=""150ms""/> comma, <break time=""150ms""/> <emphasis level=""moderate"">capital S subscript two</emphasis>, <break time=""150ms""/> dot dot dot, <break time=""150ms""/> <emphasis level=""moderate"">capital S subscript m</emphasis>, <break time=""200ms""/> right curly brace, <break time=""250ms""/> comma, <break time=""300ms""/> <emphasis level=""moderate"">capital C subscript two</emphasis>, <break time=""250ms""/> equals, <break time=""250ms""/> left curly brace, <break time=""200ms""/> <emphasis level=""moderate"">capital S subscript m plus one</emphasis>, <break time=""150ms""/> comma, <break time=""150ms""/> <emphasis level=""moderate"">capital S subscript m plus two</emphasis>, <break time=""150ms""/> dot dot dot, <break time=""150ms""/> <emphasis level=""moderate"">capital S subscript two m</emphasis>, <break time=""200ms""/> right curly brace, <break time=""250ms""/> dot dot dot.</prosody>",4,9,8,study4_r3,8A,5,"Brackets and grouping (e.g. ""(..)"" or ""{..}"");Subscripts and indices;Punctuation and separators",3,3,3,,2026/06/29 11:43:46 PM OESZ,5,4,4,4,2,Female,35-44,Germany,Master's Degree (or comparable university degree),Computer Science,"Advanced university mathematics (proofs, abstract algebra, advanced calculus, etc.)",Advanced (C1),Smartphone,"Built-in speakers (in smartphone, notebook, tablet, etc.)",39.94116666666667
7,"https://en.wikipedia.org/wiki/Rendezvous_hashing|{\displaystyle C_{1}=\left\{S_{1},S_{2}\dots S_{m}\right\},C_{2}=\left\{S_{m+1},S_{m+2}\dots S_{2m}\right\}\dots }",Computer Science,31-40,36,"{\displaystyle C_{1}=\left\{S_{1},S_{2}\dots S_{m}\right\},C_{2}=\left\{S_{m+1},S_{m+2}\dots S_{2m}\right\}\dots }",https://en.wikipedia.org/wiki/Rendezvous_hashing,standard,"capital C subscript one, equals, left curly brace, capital S subscript one, comma, capital S subscript two, dot dot dot, capital S subscript m, right curly brace, comma, capital C subscript two, equals, left curly brace, capital S subscript m plus one, comma, capital S subscript m plus two, dot dot dot, capital S subscript two m, right curly brace, dot dot dot.","<prosody rate=""slow"">capital C subscript one, <break time=""250ms""/> equals, <break time=""250ms""/> left curly brace, <break time=""200ms""/> <emphasis level=""moderate"">capital S subscript one</emphasis>, <break time=""150ms""/> comma, <break time=""150ms""/> <emphasis level=""moderate"">capital S subscript two</emphasis>, <break time=""150ms""/> dot dot dot, <break time=""150ms""/> <emphasis level=""moderate"">capital S subscript m</emphasis>, <break time=""200ms""/> right curly brace, <break time=""250ms""/> comma, <break time=""300ms""/> <emphasis level=""moderate"">capital C subscript two</emphasis>, <break time=""250ms""/> equals, <break time=""250ms""/> left curly brace, <break time=""200ms""/> <emphasis level=""moderate"">capital S subscript m plus one</emphasis>, <break time=""150ms""/> comma, <break time=""150ms""/> <emphasis level=""moderate"">capital S subscript m plus two</emphasis>, <break time=""150ms""/> dot dot dot, <break time=""150ms""/> <emphasis level=""moderate"">capital S subscript two m</emphasis>, <break time=""200ms""/> right curly brace, <break time=""250ms""/> dot dot dot.</prosody>",4,9,8,study4_r4,8A,4,"Brackets and grouping (e.g. ""(..)"" or ""{..}"");Punctuation and separators;Zu langgezogen und mit falschen bzw. keinen Pausen gesprochen, ""dot dot dot"" ist nicht sehr hilfreich",1,2,1,,2026/07/02 1:47:10 PM OESZ,2,4,3,2,2,Male,35-44,Germany,Doctorate / PhD (or comparable university degree),Mathematics,"Advanced university mathematics (proofs, abstract algebra, advanced calculus, etc.)",Near-native / Native (C2 or native speaker),Laptop,"Built-in speakers (in smartphone, notebook, tablet, etc.)",39.94116666666667
7,"https://en.wikipedia.org/wiki/Rendezvous_hashing|{\displaystyle C_{1}=\left\{S_{1},S_{2}\dots S_{m}\right\},C_{2}=\left\{S_{m+1},S_{m+2}\dots S_{2m}\right\}\dots }",Computer Science,31-40,36,"{\displaystyle C_{1}=\left\{S_{1},S_{2}\dots S_{m}\right\},C_{2}=\left\{S_{m+1},S_{m+2}\dots S_{2m}\right\}\dots }",https://en.wikipedia.org/wiki/Rendezvous_hashing,standard,"capital C subscript one, equals, left curly brace, capital S subscript one, comma, capital S subscript two, dot dot dot, capital S subscript m, right curly brace, comma, capital C subscript two, equals, left curly brace, capital S subscript m plus one, comma, capital S subscript m plus two, dot dot dot, capital S subscript two m, right curly brace, dot dot dot.","<prosody rate=""slow"">capital C subscript one, <break time=""250ms""/> equals, <break time=""250ms""/> left curly brace, <break time=""200ms""/> <emphasis level=""moderate"">capital S subscript one</emphasis>, <break time=""150ms""/> comma, <break time=""150ms""/> <emphasis level=""moderate"">capital S subscript two</emphasis>, <break time=""150ms""/> dot dot dot, <break time=""150ms""/> <emphasis level=""moderate"">capital S subscript m</emphasis>, <break time=""200ms""/> right curly brace, <break time=""250ms""/> comma, <break time=""300ms""/> <emphasis level=""moderate"">capital C subscript two</emphasis>, <break time=""250ms""/> equals, <break time=""250ms""/> left curly brace, <break time=""200ms""/> <emphasis level=""moderate"">capital S subscript m plus one</emphasis>, <break time=""150ms""/> comma, <break time=""150ms""/> <emphasis level=""moderate"">capital S subscript m plus two</emphasis>, <break time=""150ms""/> dot dot dot, <break time=""150ms""/> <emphasis level=""moderate"">capital S subscript two m</emphasis>, <break time=""200ms""/> right curly brace, <break time=""250ms""/> dot dot dot.</prosody>",4,9,8,study4_r5,8A,4,Latin letters,5,4,4,,2026/07/08 1:15:08 AM OESZ,4,4,4,5,4,Male,45-54,Germany,Doctorate / PhD (or comparable university degree),Computer Science,"Advanced university mathematics (proofs, abstract algebra, advanced calculus, etc.)",Near-native / Native (C2 or native speaker),Smartphone,"Built-in speakers (in smartphone, notebook, tablet, etc.)",39.94116666666667
0,http://en.wikipedia.org/wiki/Woodward-Hoffmann_rules|\pi,Chemistry,1-10,1,\pi,http://en.wikipedia.org/wiki/Woodward-Hoffmann_rules,standard,pi,"<prosody rate=""slow""><emphasis level=""moderate"">pi</emphasis></prosody>",4,10,1,study4_r1,1A,5,Nothing was difficult,4,4,4,,2026/06/20 8:32:53 PM OESZ,3,4,2,3,2,Male,25-34,Germany,Master's Degree (or comparable university degree),Computer Science,"Advanced university mathematics (proofs, abstract algebra, advanced calculus, etc.)",Advanced (C1),Laptop,"Built-in speakers (in smartphone, notebook, tablet, etc.)",0.7053333333333334
0,http://en.wikipedia.org/wiki/Woodward-Hoffmann_rules|\pi,Chemistry,1-10,1,\pi,http://en.wikipedia.org/wiki/Woodward-Hoffmann_rules,standard,pi,"<prosody rate=""slow""><emphasis level=""moderate"">pi</emphasis></prosody>",4,10,1,study4_r2,1A,5,Nothing was difficult,1,1,1,,2026/06/21 1:05:46 PM OESZ,2,2,1,1,1,Male,45-54,Germany,Bachelor's Degree (or comparable university degree),Mathematics;Statistics;Computer Science,"Undergraduate-level mathematics (calculus, matrices, vectors, statistics)",Near-native / Native (C2 or native speaker),Desktop computer,Headphones,0.7053333333333334
0,http://en.wikipedia.org/wiki/Woodward-Hoffmann_rules|\pi,Chemistry,1-10,1,\pi,http://en.wikipedia.org/wiki/Woodward-Hoffmann_rules,standard,pi,"<prosody rate=""slow""><emphasis level=""moderate"">pi</emphasis></prosody>",4,10,1,study4_r3,1A,5,Nothing was difficult,1,1,1,,2026/06/29 11:43:46 PM OESZ,5,4,4,4,2,Female,35-44,Germany,Master's Degree (or comparable university degree),Computer Science,"Advanced university mathematics (proofs, abstract algebra, advanced calculus, etc.)",Advanced (C1),Smartphone,"Built-in speakers (in smartphone, notebook, tablet, etc.)",0.7053333333333334
0,http://en.wikipedia.org/wiki/Woodward-Hoffmann_rules|\pi,Chemistry,1-10,1,\pi,http://en.wikipedia.org/wiki/Woodward-Hoffmann_rules,standard,pi,"<prosody rate=""slow""><emphasis level=""moderate"">pi</emphasis></prosody>",4,10,1,study4_r4,1A,5,Nothing was difficult,3,3,3,,2026/07/02 1:47:10 PM OESZ,2,4,3,2,2,Male,35-44,Germany,Doctorate / PhD (or comparable university degree),Mathematics,"Advanced university mathematics (proofs, abstract algebra, advanced calculus, etc.)",Near-native / Native (C2 or native speaker),Laptop,"Built-in speakers (in smartphone, notebook, tablet, etc.)",0.7053333333333334
0,http://en.wikipedia.org/wiki/Woodward-Hoffmann_rules|\pi,Chemistry,1-10,1,\pi,http://en.wikipedia.org/wiki/Woodward-Hoffmann_rules,standard,pi,"<prosody rate=""slow""><emphasis level=""moderate"">pi</emphasis></prosody>",4,10,1,study4_r5,1A,5,Nothing was difficult,4,5,5,,2026/07/08 1:15:08 AM OESZ,4,4,4,5,4,Male,45-54,Germany,Doctorate / PhD (or comparable university degree),Computer Science,"Advanced university mathematics (proofs, abstract algebra, advanced calculus, etc.)",Near-native / Native (C2 or native speaker),Smartphone,"Built-in speakers (in smartphone, notebook, tablet, etc.)",0.7053333333333334
43,https://en.wikipedia.org/wiki/Color-flavor_locking|{\displaystyle \langle \psi _{i}^{\alpha }C\gamma _{5}\psi _{j}^{\beta }\rangle \propto \delta _{i}^{\alpha }\delta _{j}^{\beta }-\delta _{j}^{\alpha }\delta _{i}^{\beta }=\epsilon ^{\alpha \beta A}\epsilon _{ijA}},Physics,31-40,35,{\displaystyle \langle \psi _{i}^{\alpha }C\gamma _{5}\psi _{j}^{\beta }\rangle \propto \delta _{i}^{\alpha }\delta _{j}^{\beta }-\delta _{j}^{\alpha }\delta _{i}^{\beta }=\epsilon ^{\alpha \beta A}\epsilon _{ijA}},https://en.wikipedia.org/wiki/Color-flavor_locking,extended,"open Angle bracket, psi sub i superscript alpha, capital C, gamma five, psi sub j superscript beta, close angle bracket, is proportional to delta sub i superscript alpha, delta sub j superscript beta, minus delta sub j superscript alpha, delta sub i superscript beta, equals epsilon superscript alpha beta capital A, epsilon sub i j capital A, where psi sub i superscript alpha represents each quark with color index alpha taking values one, two, three corresponding to red, green, and blue, and flavor index i taking values one, two, three corresponding to up, down, and strange.","<prosody rate=""slow"">open Angle bracket, <break time=""200ms""/>psi sub i superscript alpha, <break time=""150ms""/>capital C, <break time=""150ms""/>gamma five, <break time=""150ms""/>psi sub j superscript beta, <break time=""200ms""/>close angle bracket, <break time=""200ms""/>is proportional to <break time=""200ms""/>delta sub i superscript alpha, <break time=""150ms""/>delta sub j superscript beta, <break time=""200ms""/><emphasis>minus</emphasis> <break time=""200ms""/>delta sub j superscript alpha, <break time=""150ms""/>delta sub i superscript beta, <break time=""250ms""/><emphasis>equals</emphasis> <break time=""200ms""/>epsilon superscript alpha beta capital A, <break time=""150ms""/>epsilon sub i j capital A, <break time=""300ms""/>where psi sub i superscript alpha represents each quark with color index alpha taking values one, two, three corresponding to red, green, and blue, and flavor index i taking values one, two, three corresponding to up, down, and strange.</prosody>",4,11,20,study4_r1,20B,2,"Brackets and grouping (e.g. ""(..)"" or ""{..}"");Greek letters",2,3,2,4.0,2026/06/20 8:32:53 PM OESZ,3,4,2,3,2,Male,25-34,Germany,Master's Degree (or comparable university degree),Computer Science,"Advanced university mathematics (proofs, abstract algebra, advanced calculus, etc.)",Advanced (C1),Laptop,"Built-in speakers (in smartphone, notebook, tablet, etc.)",50.8865
43,https://en.wikipedia.org/wiki/Color-flavor_locking|{\displaystyle \langle \psi _{i}^{\alpha }C\gamma _{5}\psi _{j}^{\beta }\rangle \propto \delta _{i}^{\alpha }\delta _{j}^{\beta }-\delta _{j}^{\alpha }\delta _{i}^{\beta }=\epsilon ^{\alpha \beta A}\epsilon _{ijA}},Physics,31-40,35,{\displaystyle \langle \psi _{i}^{\alpha }C\gamma _{5}\psi _{j}^{\beta }\rangle \propto \delta _{i}^{\alpha }\delta _{j}^{\beta }-\delta _{j}^{\alpha }\delta _{i}^{\beta }=\epsilon ^{\alpha \beta A}\epsilon _{ijA}},https://en.wikipedia.org/wiki/Color-flavor_locking,extended,"open Angle bracket, psi sub i superscript alpha, capital C, gamma five, psi sub j superscript beta, close angle bracket, is proportional to delta sub i superscript alpha, delta sub j superscript beta, minus delta sub j superscript alpha, delta sub i superscript beta, equals epsilon superscript alpha beta capital A, epsilon sub i j capital A, where psi sub i superscript alpha represents each quark with color index alpha taking values one, two, three corresponding to red, green, and blue, and flavor index i taking values one, two, three corresponding to up, down, and strange.","<prosody rate=""slow"">open Angle bracket, <break time=""200ms""/>psi sub i superscript alpha, <break time=""150ms""/>capital C, <break time=""150ms""/>gamma five, <break time=""150ms""/>psi sub j superscript beta, <break time=""200ms""/>close angle bracket, <break time=""200ms""/>is proportional to <break time=""200ms""/>delta sub i superscript alpha, <break time=""150ms""/>delta sub j superscript beta, <break time=""200ms""/><emphasis>minus</emphasis> <break time=""200ms""/>delta sub j superscript alpha, <break time=""150ms""/>delta sub i superscript beta, <break time=""250ms""/><emphasis>equals</emphasis> <break time=""200ms""/>epsilon superscript alpha beta capital A, <break time=""150ms""/>epsilon sub i j capital A, <break time=""300ms""/>where psi sub i superscript alpha represents each quark with color index alpha taking values one, two, three corresponding to red, green, and blue, and flavor index i taking values one, two, three corresponding to up, down, and strange.</prosody>",4,11,20,study4_r2,20B,4,Superscripts and exponents;Subscripts and indices;The epsilon part was very difficult to follow. The following slide does not talk about Formula 20B. It is regarding Formula 18B.,1,1,1,1.0,2026/06/21 1:05:46 PM OESZ,2,2,1,1,1,Male,45-54,Germany,Bachelor's Degree (or comparable university degree),Mathematics;Statistics;Computer Science,"Undergraduate-level mathematics (calculus, matrices, vectors, statistics)",Near-native / Native (C2 or native speaker),Desktop computer,Headphones,50.8865
43,https://en.wikipedia.org/wiki/Color-flavor_locking|{\displaystyle \langle \psi _{i}^{\alpha }C\gamma _{5}\psi _{j}^{\beta }\rangle \propto \delta _{i}^{\alpha }\delta _{j}^{\beta }-\delta _{j}^{\alpha }\delta _{i}^{\beta }=\epsilon ^{\alpha \beta A}\epsilon _{ijA}},Physics,31-40,35,{\displaystyle \langle \psi _{i}^{\alpha }C\gamma _{5}\psi _{j}^{\beta }\rangle \propto \delta _{i}^{\alpha }\delta _{j}^{\beta }-\delta _{j}^{\alpha }\delta _{i}^{\beta }=\epsilon ^{\alpha \beta A}\epsilon _{ijA}},https://en.wikipedia.org/wiki/Color-flavor_locking,extended,"open Angle bracket, psi sub i superscript alpha, capital C, gamma five, psi sub j superscript beta, close angle bracket, is proportional to delta sub i superscript alpha, delta sub j superscript beta, minus delta sub j superscript alpha, delta sub i superscript beta, equals epsilon superscript alpha beta capital A, epsilon sub i j capital A, where psi sub i superscript alpha represents each quark with color index alpha taking values one, two, three corresponding to red, green, and blue, and flavor index i taking values one, two, three corresponding to up, down, and strange.","<prosody rate=""slow"">open Angle bracket, <break time=""200ms""/>psi sub i superscript alpha, <break time=""150ms""/>capital C, <break time=""150ms""/>gamma five, <break time=""150ms""/>psi sub j superscript beta, <break time=""200ms""/>close angle bracket, <break time=""200ms""/>is proportional to <break time=""200ms""/>delta sub i superscript alpha, <break time=""150ms""/>delta sub j superscript beta, <break time=""200ms""/><emphasis>minus</emphasis> <break time=""200ms""/>delta sub j superscript alpha, <break time=""150ms""/>delta sub i superscript beta, <break time=""250ms""/><emphasis>equals</emphasis> <break time=""200ms""/>epsilon superscript alpha beta capital A, <break time=""150ms""/>epsilon sub i j capital A, <break time=""300ms""/>where psi sub i superscript alpha represents each quark with color index alpha taking values one, two, three corresponding to red, green, and blue, and flavor index i taking values one, two, three corresponding to up, down, and strange.</prosody>",4,11,20,study4_r3,20B,3,Superscripts and exponents;Subscripts and indices,4,4,4,4.0,2026/06/29 11:43:46 PM OESZ,5,4,4,4,2,Female,35-44,Germany,Master's Degree (or comparable university degree),Computer Science,"Advanced university mathematics (proofs, abstract algebra, advanced calculus, etc.)",Advanced (C1),Smartphone,"Built-in speakers (in smartphone, notebook, tablet, etc.)",50.8865
43,https://en.wikipedia.org/wiki/Color-flavor_locking|{\displaystyle \langle \psi _{i}^{\alpha }C\gamma _{5}\psi _{j}^{\beta }\rangle \propto \delta _{i}^{\alpha }\delta _{j}^{\beta }-\delta _{j}^{\alpha }\delta _{i}^{\beta }=\epsilon ^{\alpha \beta A}\epsilon _{ijA}},Physics,31-40,35,{\displaystyle \langle \psi _{i}^{\alpha }C\gamma _{5}\psi _{j}^{\beta }\rangle \propto \delta _{i}^{\alpha }\delta _{j}^{\beta }-\delta _{j}^{\alpha }\delta _{i}^{\beta }=\epsilon ^{\alpha \beta A}\epsilon _{ijA}},https://en.wikipedia.org/wiki/Color-flavor_locking,extended,"open Angle bracket, psi sub i superscript alpha, capital C, gamma five, psi sub j superscript beta, close angle bracket, is proportional to delta sub i superscript alpha, delta sub j superscript beta, minus delta sub j superscript alpha, delta sub i superscript beta, equals epsilon superscript alpha beta capital A, epsilon sub i j capital A, where psi sub i superscript alpha represents each quark with color index alpha taking values one, two, three corresponding to red, green, and blue, and flavor index i taking values one, two, three corresponding to up, down, and strange.","<prosody rate=""slow"">open Angle bracket, <break time=""200ms""/>psi sub i superscript alpha, <break time=""150ms""/>capital C, <break time=""150ms""/>gamma five, <break time=""150ms""/>psi sub j superscript beta, <break time=""200ms""/>close angle bracket, <break time=""200ms""/>is proportional to <break time=""200ms""/>delta sub i superscript alpha, <break time=""150ms""/>delta sub j superscript beta, <break time=""200ms""/><emphasis>minus</emphasis> <break time=""200ms""/>delta sub j superscript alpha, <break time=""150ms""/>delta sub i superscript beta, <break time=""250ms""/><emphasis>equals</emphasis> <break time=""200ms""/>epsilon superscript alpha beta capital A, <break time=""150ms""/>epsilon sub i j capital A, <break time=""300ms""/>where psi sub i superscript alpha represents each quark with color index alpha taking values one, two, three corresponding to red, green, and blue, and flavor index i taking values one, two, three corresponding to up, down, and strange.</prosody>",4,11,20,study4_r4,20B,1,"Brackets and grouping (e.g. ""(..)"" or ""{..}"");Superscripts and exponents;Subscripts and indices;Greek letters",2,2,3,4.0,2026/07/02 1:47:10 PM OESZ,2,4,3,2,2,Male,35-44,Germany,Doctorate / PhD (or comparable university degree),Mathematics,"Advanced university mathematics (proofs, abstract algebra, advanced calculus, etc.)",Near-native / Native (C2 or native speaker),Laptop,"Built-in speakers (in smartphone, notebook, tablet, etc.)",50.8865
43,https://en.wikipedia.org/wiki/Color-flavor_locking|{\displaystyle \langle \psi _{i}^{\alpha }C\gamma _{5}\psi _{j}^{\beta }\rangle \propto \delta _{i}^{\alpha }\delta _{j}^{\beta }-\delta _{j}^{\alpha }\delta _{i}^{\beta }=\epsilon ^{\alpha \beta A}\epsilon _{ijA}},Physics,31-40,35,{\displaystyle \langle \psi _{i}^{\alpha }C\gamma _{5}\psi _{j}^{\beta }\rangle \propto \delta _{i}^{\alpha }\delta _{j}^{\beta }-\delta _{j}^{\alpha }\delta _{i}^{\beta }=\epsilon ^{\alpha \beta A}\epsilon _{ijA}},https://en.wikipedia.org/wiki/Color-flavor_locking,extended,"open Angle bracket, psi sub i superscript alpha, capital C, gamma five, psi sub j superscript beta, close angle bracket, is proportional to delta sub i superscript alpha, delta sub j superscript beta, minus delta sub j superscript alpha, delta sub i superscript beta, equals epsilon superscript alpha beta capital A, epsilon sub i j capital A, where psi sub i superscript alpha represents each quark with color index alpha taking values one, two, three corresponding to red, green, and blue, and flavor index i taking values one, two, three corresponding to up, down, and strange.","<prosody rate=""slow"">open Angle bracket, <break time=""200ms""/>psi sub i superscript alpha, <break time=""150ms""/>capital C, <break time=""150ms""/>gamma five, <break time=""150ms""/>psi sub j superscript beta, <break time=""200ms""/>close angle bracket, <break time=""200ms""/>is proportional to <break time=""200ms""/>delta sub i superscript alpha, <break time=""150ms""/>delta sub j superscript beta, <break time=""200ms""/><emphasis>minus</emphasis> <break time=""200ms""/>delta sub j superscript alpha, <break time=""150ms""/>delta sub i superscript beta, <break time=""250ms""/><emphasis>equals</emphasis> <break time=""200ms""/>epsilon superscript alpha beta capital A, <break time=""150ms""/>epsilon sub i j capital A, <break time=""300ms""/>where psi sub i superscript alpha represents each quark with color index alpha taking values one, two, three corresponding to red, green, and blue, and flavor index i taking values one, two, three corresponding to up, down, and strange.</prosody>",4,11,20,study4_r5,20B,2,"Brackets and grouping (e.g. ""(..)"" or ""{..}"");Superscripts and exponents;Greek letters",1,1,1,1.0,2026/07/08 1:15:08 AM OESZ,4,4,4,5,4,Male,45-54,Germany,Doctorate / PhD (or comparable university degree),Computer Science,"Advanced university mathematics (proofs, abstract algebra, advanced calculus, etc.)",Near-native / Native (C2 or native speaker),Smartphone,"Built-in speakers (in smartphone, notebook, tablet, etc.)",50.8865
21,"https://en.wikipedia.org/wiki/Repeated_median_regression|{\displaystyle {\widehat {B}}={\underset {i}{\operatorname {median} }}\ {\underset {j\,\neq \,i}{\operatorname {median} }}\ \operatorname {slope} (i,j)}",Statistics,11-20,12,"{\displaystyle {\widehat {B}}={\underset {i}{\operatorname {median} }}\ {\underset {j\,\neq \,i}{\operatorname {median} }}\ \operatorname {slope} (i,j)}",https://en.wikipedia.org/wiki/Repeated_median_regression,standard,"Capital B hat, equals the ""median"" over i, of the ""median"" over, j not equal to i, of the ""slope"" of, open parenthesis, i comma j, close parenthesis.","<prosody rate=""slow"">Capital B hat,<break time=""200ms""/> equals the ""median"" over i,<break time=""250ms""/> of the ""median"" over,<break time=""150ms""/> <emphasis level=""moderate"">j not equal to i</emphasis>,<break time=""250ms""/> of the <emphasis level=""moderate"">""slope""</emphasis> of,<break time=""150ms""/> open parenthesis,<break time=""100ms""/> i comma j,<break time=""100ms""/> close parenthesis.</prosody>",4,12,22,study4_r1,22A,3,Latin letters;Variable names,4,3,2,,2026/06/20 8:32:53 PM OESZ,3,4,2,3,2,Male,25-34,Germany,Master's Degree (or comparable university degree),Computer Science,"Advanced university mathematics (proofs, abstract algebra, advanced calculus, etc.)",Advanced (C1),Laptop,"Built-in speakers (in smartphone, notebook, tablet, etc.)",13.087333333333333
21,"https://en.wikipedia.org/wiki/Repeated_median_regression|{\displaystyle {\widehat {B}}={\underset {i}{\operatorname {median} }}\ {\underset {j\,\neq \,i}{\operatorname {median} }}\ \operatorname {slope} (i,j)}",Statistics,11-20,12,"{\displaystyle {\widehat {B}}={\underset {i}{\operatorname {median} }}\ {\underset {j\,\neq \,i}{\operatorname {median} }}\ \operatorname {slope} (i,j)}",https://en.wikipedia.org/wiki/Repeated_median_regression,standard,"Capital B hat, equals the ""median"" over i, of the ""median"" over, j not equal to i, of the ""slope"" of, open parenthesis, i comma j, close parenthesis.","<prosody rate=""slow"">Capital B hat,<break time=""200ms""/> equals the ""median"" over i,<break time=""250ms""/> of the ""median"" over,<break time=""150ms""/> <emphasis level=""moderate"">j not equal to i</emphasis>,<break time=""250ms""/> of the <emphasis level=""moderate"">""slope""</emphasis> of,<break time=""150ms""/> open parenthesis,<break time=""100ms""/> i comma j,<break time=""100ms""/> close parenthesis.</prosody>",4,12,22,study4_r2,22A,3,"Mathematical symbols and operators (e.g. ""+"", ""-"", sum or integral);the ""median over"" was distracting",4,1,4,,2026/06/21 1:05:46 PM OESZ,2,2,1,1,1,Male,45-54,Germany,Bachelor's Degree (or comparable university degree),Mathematics;Statistics;Computer Science,"Undergraduate-level mathematics (calculus, matrices, vectors, statistics)",Near-native / Native (C2 or native speaker),Desktop computer,Headphones,13.087333333333333
21,"https://en.wikipedia.org/wiki/Repeated_median_regression|{\displaystyle {\widehat {B}}={\underset {i}{\operatorname {median} }}\ {\underset {j\,\neq \,i}{\operatorname {median} }}\ \operatorname {slope} (i,j)}",Statistics,11-20,12,"{\displaystyle {\widehat {B}}={\underset {i}{\operatorname {median} }}\ {\underset {j\,\neq \,i}{\operatorname {median} }}\ \operatorname {slope} (i,j)}",https://en.wikipedia.org/wiki/Repeated_median_regression,standard,"Capital B hat, equals the ""median"" over i, of the ""median"" over, j not equal to i, of the ""slope"" of, open parenthesis, i comma j, close parenthesis.","<prosody rate=""slow"">Capital B hat,<break time=""200ms""/> equals the ""median"" over i,<break time=""250ms""/> of the ""median"" over,<break time=""150ms""/> <emphasis level=""moderate"">j not equal to i</emphasis>,<break time=""250ms""/> of the <emphasis level=""moderate"">""slope""</emphasis> of,<break time=""150ms""/> open parenthesis,<break time=""100ms""/> i comma j,<break time=""100ms""/> close parenthesis.</prosody>",4,12,22,study4_r3,22A,5,Subscripts and indices;Punctuation and separators,4,4,4,,2026/06/29 11:43:46 PM OESZ,5,4,4,4,2,Female,35-44,Germany,Master's Degree (or comparable university degree),Computer Science,"Advanced university mathematics (proofs, abstract algebra, advanced calculus, etc.)",Advanced (C1),Smartphone,"Built-in speakers (in smartphone, notebook, tablet, etc.)",13.087333333333333
21,"https://en.wikipedia.org/wiki/Repeated_median_regression|{\displaystyle {\widehat {B}}={\underset {i}{\operatorname {median} }}\ {\underset {j\,\neq \,i}{\operatorname {median} }}\ \operatorname {slope} (i,j)}",Statistics,11-20,12,"{\displaystyle {\widehat {B}}={\underset {i}{\operatorname {median} }}\ {\underset {j\,\neq \,i}{\operatorname {median} }}\ \operatorname {slope} (i,j)}",https://en.wikipedia.org/wiki/Repeated_median_regression,standard,"Capital B hat, equals the ""median"" over i, of the ""median"" over, j not equal to i, of the ""slope"" of, open parenthesis, i comma j, close parenthesis.","<prosody rate=""slow"">Capital B hat,<break time=""200ms""/> equals the ""median"" over i,<break time=""250ms""/> of the ""median"" over,<break time=""150ms""/> <emphasis level=""moderate"">j not equal to i</emphasis>,<break time=""250ms""/> of the <emphasis level=""moderate"">""slope""</emphasis> of,<break time=""150ms""/> open parenthesis,<break time=""100ms""/> i comma j,<break time=""100ms""/> close parenthesis.</prosody>",4,12,22,study4_r4,22A,4,Subscripts and indices,4,4,4,,2026/07/02 1:47:10 PM OESZ,2,4,3,2,2,Male,35-44,Germany,Doctorate / PhD (or comparable university degree),Mathematics,"Advanced university mathematics (proofs, abstract algebra, advanced calculus, etc.)",Near-native / Native (C2 or native speaker),Laptop,"Built-in speakers (in smartphone, notebook, tablet, etc.)",13.087333333333333
21,"https://en.wikipedia.org/wiki/Repeated_median_regression|{\displaystyle {\widehat {B}}={\underset {i}{\operatorname {median} }}\ {\underset {j\,\neq \,i}{\operatorname {median} }}\ \operatorname {slope} (i,j)}",Statistics,11-20,12,"{\displaystyle {\widehat {B}}={\underset {i}{\operatorname {median} }}\ {\underset {j\,\neq \,i}{\operatorname {median} }}\ \operatorname {slope} (i,j)}",https://en.wikipedia.org/wiki/Repeated_median_regression,standard,"Capital B hat, equals the ""median"" over i, of the ""median"" over, j not equal to i, of the ""slope"" of, open parenthesis, i comma j, close parenthesis.","<prosody rate=""slow"">Capital B hat,<break time=""200ms""/> equals the ""median"" over i,<break time=""250ms""/> of the ""median"" over,<break time=""150ms""/> <emphasis level=""moderate"">j not equal to i</emphasis>,<break time=""250ms""/> of the <emphasis level=""moderate"">""slope""</emphasis> of,<break time=""150ms""/> open parenthesis,<break time=""100ms""/> i comma j,<break time=""100ms""/> close parenthesis.</prosody>",4,12,22,study4_r5,22A,3,Superscripts and exponents;Variable names,2,2,2,,2026/07/08 1:15:08 AM OESZ,4,4,4,5,4,Male,45-54,Germany,Doctorate / PhD (or comparable university degree),Computer Science,"Advanced university mathematics (proofs, abstract algebra, advanced calculus, etc.)",Near-native / Native (C2 or native speaker),Smartphone,"Built-in speakers (in smartphone, notebook, tablet, etc.)",13.087333333333333
